GeneName	GeneLevelTPM
A1BG	50195.2
A1CF	2252
A2BP1	0
A2LD1	355.53
A2ML1	0
A2M	80365.76
A4GALT	183
A4GNT	0
AAA1	1
AAAS	1381
AACSL	0
AACS	560
AADACL2	0
AADACL3	0
AADACL4	0
AADAC	8603
AADAT	163
AAGAB	1166
AAK1	867
AAMP	4236
AANAT	0
AARS2	966.99
AARSD1	1192
AARS	6635
AASDHPPT	1190
AASDH	263
AASS	1170
AATF	2198
AATK	42
ABAT	10355
ABCA10	43
ABCA11P	84.36
ABCA12	0
ABCA13	4
ABCA17P	3
ABCA1	2608
ABCA2	2509
ABCA3	190
ABCA4	38
ABCA5	1403
ABCA6	2289
ABCA7	398
ABCA8	539
ABCA9	152
ABCB10	1193
ABCB11	601
ABCB1	2185
ABCB4	3619
ABCB5	1
ABCB6	2334.5
ABCB7	757
ABCB8	1997
ABCB9	96.26
ABCC10	533
ABCC11	85
ABCC12	0
ABCC13	0
ABCC1	362
ABCC2	4653
ABCC3	5960
ABCC4	338
ABCC5	627
ABCC6P1	657
ABCC6P2	434
ABCC6	5272
ABCC8	1
ABCC9	635
ABCD1	1274
ABCD2	6
ABCD3	3963
ABCD4	1324
ABCE1	1637
ABCF1	3694
ABCF2	1554
ABCF3	2247
ABCG1	470
ABCG2	564
ABCG4	2
ABCG5	1594
ABCG8	2096
ABHD10	1288
ABHD11	625
ABHD12B	4
ABHD12	3006
ABHD13	603
ABHD14A	781.36
ABHD14B	5588
ABHD15	818
ABHD1	40
ABHD2	9894
ABHD3	1476
ABHD4	1591
ABHD5	780
ABHD6	1278
ABHD8	915
ABI1	1608.21
ABI2	676
ABI3BP	56
ABI3	268
ABL1	1710
ABL2	860
ABLIM1	2355
ABLIM2	133
ABLIM3	2262
ABO	1
ABP1	12
ABRA	0
ABR	412
ABT1	1310
ABTB1	956
ABTB2	799
ACAA1	8671
ACAA2	10939
ACACA	1743
ACACB	2841
ACAD10	1798
ACAD11	1904
ACAD8	1009
ACAD9	1954.98
ACADL	288
ACADM	3674
ACADSB	8141
ACADS	3210
ACADVL	17440.96
ACAN	21
ACAP1	102
ACAP2	993
ACAP3	1117.25
ACAT1	10668
ACAT2	2596.5
ACBD3	1960
ACBD4	1815
ACBD5	2444
ACBD6	845
ACBD7	25
ACCN1	1
ACCN2	41
ACCN3	25
ACCN4	0
ACCN5	0
ACCSL	0
ACCS	408
ACD	457
ACE2	31
ACER1	0
ACER2	26
ACER3	236
ACE	272
ACHE	70
ACIN1	3177
ACLY	3918
ACMSD	1945
ACN9	398
ACO1	5611
ACO2	5952.95
ACOT11	20.93
ACOT12	845
ACOT13	2723.85
ACOT1	2376
ACOT2	1214
ACOT4	491
ACOT6	27
ACOT7	1099
ACOT8	1055.64
ACOT9	691
ACOX1	8202.42
ACOX2	3358
ACOX3	936
ACOXL	1
ACP1	3398
ACP2	3638
ACP5	1271
ACP6	745
ACPL2	257
ACPP	3
ACPT	1
ACRBP	30
ACRC	24
ACRV1	1
ACR	7
ACSBG1	5
ACSBG2	0
ACSF2	2261
ACSF3	934
ACSL1	15362
ACSL3	3300
ACSL4	7306
ACSL5	3760
ACSL6	76
ACSM1	511
ACSM2A	8942
ACSM2B	9427
ACSM3	742.99
ACSM4	0
ACSM5	1846
ACSS1	505
ACSS2	3535
ACSS3	1435
ACTA1	3
ACTA2	4567.5
ACTBL2	0
ACTB	108568
ACTC1	1
ACTG1	60560
ACTG2	162
ACTL6A	963
ACTL6B	0
ACTL7A	0
ACTL7B	0
ACTL8	1
ACTL9	0
ACTN1	5263
ACTN2	22
ACTN3	1
ACTN4	13424.13
ACTR10	1252
ACTR1A	3453
ACTR1B	2313
ACTR2	5844
ACTR3B	263
ACTR3C	176
ACTR3	3671
ACTR5	326
ACTR6	660
ACTR8	483
ACTRT1	0
ACTRT2	0
ACVR1B	2053
ACVR1C	41
ACVR1	945
ACVR2A	398
ACVR2B	320
ACVRL1	506
ACY1	8153.38
ACY3	612
ACYP1	64
ACYP2	313
ADAD1	0
ADAD2	1
ADAL	271
ADAM10	1497
ADAM11	11
ADAM12	36
ADAM15	3215
ADAM17	344
ADAM18	0
ADAM19	383
ADAM20	1
ADAM21P1	1
ADAM21	4
ADAM22	3
ADAM23	6
ADAM28	19
ADAM29	0
ADAM2	0
ADAM30	0
ADAM32	1
ADAM33	14
ADAM3A	0
ADAM5P	0
ADAM6	2605.76
ADAM7	0
ADAM8	169
ADAM9	1001
ADAMDEC1	13
ADAMTS10	288
ADAMTS12	16
ADAMTS13	190
ADAMTS14	30
ADAMTS15	5
ADAMTS16	8
ADAMTS17	167
ADAMTS18	3
ADAMTS19	0
ADAMTS1	719
ADAMTS20	0
ADAMTS2	88
ADAMTS3	9
ADAMTS4	479
ADAMTS5	124
ADAMTS6	18
ADAMTS7	132
ADAMTS8	6
ADAMTS9	346
ADAMTSL1	68
ADAMTSL2	529
ADAMTSL3	395
ADAMTSL4	1643
ADAMTSL5	141
ADAP1	89.12
ADAP2	249
ADARB1	398
ADARB2	1
ADAR	11607
ADAT1	176
ADAT2	158
ADAT3	81
ADA	253
ADCK1	347
ADCK2	1243
ADCK4	1016
ADCK5	496
ADCY10	56
ADCY1	151
ADCY2	0
ADCY3	312.52
ADCY4	171
ADCY5	42
ADCY6	1499
ADCY7	262
ADCY8	0
ADCY9	1815
ADCYAP1R1	0
ADCYAP1	3
ADC	56
ADD1	6350
ADD2	5
ADD3	922
ADH1A	16057.84
ADH1B	42407
ADH1C	10545
ADH4	13298
ADH5	8351
ADH6	6673
ADH7	1
ADHFE1	1083
ADI1	15784
ADIG	1
ADIPOQ	0
ADIPOR1	6186
ADIPOR2	5034
ADK	1201
ADM2	544
ADM	469
ADNP2	576
ADNP	1986
ADORA1	30
ADORA2A	228.34
ADORA2B	16
ADORA3	72
ADO	512
ADPGK	1082.95
ADPRHL1	66
ADPRHL2	986
ADPRH	216
ADRA1A	43
ADRA1B	129
ADRA1D	4
ADRA2A	35
ADRA2B	61
ADRA2C	60
ADRB1	8
ADRB2	189
ADRB3	0
ADRBK1	2719
ADRBK2	369
ADRM1	5108
ADSL	1676
ADSSL1	410
ADSS	1386
AEBP1	1654
AEBP2	517
AEN	1009
AES	9615
AFAP1L1	368
AFAP1L2	79
AFAP1	278
AFARP1	7
AFF1	1741
AFF2	3
AFF3	352
AFF4	3130
AFG3L1	237
AFG3L2	2658.15
AFMID	3809
AFM	4559
AFP	223
AFTPH	1607
AG2	356
AGAP11	7
AGAP1	336
AGAP2	113.04
AGAP3	2596
AGAP4	269
AGAP5	37
AGAP6	147
AGAP7	13
AGAP8	28
AGA	785
AGBL1	0
AGBL2	41
AGBL3	18
AGBL4	1
AGBL5	846.01
AGER	54
AGFG1	1948
AGFG2	3691
AGGF1	1188
AGK	755
AGL	1186
AGMAT	2098
AGPAT1	4022.24
AGPAT2	4437
AGPAT3	5907
AGPAT4	106
AGPAT5	882
AGPAT6	3403
AGPAT9	377
AGPHD1	83
AGPS	1785
AGR2	3
AGR3	0
AGRN	5915
AGRP	1
AGTPBP1	247
AGTR1	1253
AGTR2	0
AGTRAP	800
AGT	103312
AGXT2L1	1405
AGXT2L2	1184.53
AGXT2	1205
AGXT	40200
AHCTF1	1977
AHCYL1	4216
AHCYL2	540
AHCY	10508
AHDC1	574
AHI1	174
AHNAK2	76
AHNAK	17398
AHRR	17
AHR	2596
AHSA1	3160
AHSA2	574
AHSG	103610
AHSP	0
AICDA	0
AIDA	2027.1
AIF1L	270
AIF1	507
AIFM1	4889
AIFM2	1833
AIFM3	47.43
AIG1	4174
AIM1L	58
AIM1	506
AIM2	6
AIMP1	1637.63
AIMP2	1315.92
AIPL1	0
AIP	1973
AIRE	0
AJAP1	2
AK1	1520
AK2	4426
AK3L1	1333
AK3	4354
AK5	1
AK7	24
AKAP10	252
AKAP11	834
AKAP12	594
AKAP13	2792
AKAP14	0
AKAP1	4143
AKAP2	489.81
AKAP3	13
AKAP4	0
AKAP5	44
AKAP6	122
AKAP7	389
AKAP8L	1536
AKAP8	889
AKAP9	1821
AKD1	72
AKIRIN1	1552
AKIRIN2	1370
AKNAD1	0
AKNA	693
AKR1A1	8019
AKR1B10	8334
AKR1B15	14
AKR1B1	538
AKR1C1	24856
AKR1C2	11659
AKR1C3	17077
AKR1C4	7447
AKR1CL1	13
AKR1D1	1264
AKR1E2	5
AKR7A2	2307
AKR7A3	2650
AKR7L	338
AKT1S1	2712
AKT1	4782
AKT2	5075
AKT3	165
AKTIP	754.54
ALAD	6678
ALAS1	7911
ALAS2	1
ALB	1839737.01
ALCAM	4060
ALDH16A1	1535
ALDH18A1	2230
ALDH1A1	41116
ALDH1A2	51
ALDH1A3	71.64
ALDH1B1	4292
ALDH1L1	12806
ALDH1L2	25
ALDH2	32338
ALDH3A1	135
ALDH3A2	11626
ALDH3B1	408
ALDH3B2	1
ALDH4A1	13981
ALDH5A1	4770
ALDH6A1	2326.9
ALDH7A1	5950
ALDH8A1	2779
ALDH9A1	5438
ALDOA	13254
ALDOB	102014
ALDOC	2453
ALG10B	220
ALG10	109
ALG11	19
ALG12	1611
ALG13	806
ALG14	603
ALG1L2	0
ALG1L	201.2
ALG1	1359.29
ALG2	1574
ALG3	3240
ALG5	1468
ALG6	523
ALG8	2051
ALG9	1101
ALKBH1	311
ALKBH2	942
ALKBH3	416
ALKBH4	489.72
ALKBH5	3201
ALKBH6	357
ALKBH7	2316
ALKBH8	202
ALK	1
ALLC	1
ALMS1P	2
ALMS1	532
ALOX12B	0
ALOX12P2	44
ALOX12	5
ALOX15B	12
ALOX15	4
ALOX5AP	88
ALOX5	112
ALOXE3	0
ALPI	2
ALPK1	269
ALPK2	267
ALPK3	421
ALPL	992
ALPPL2	0
ALPP	0
ALS2CL	843
ALS2CR11	2
ALS2CR12	2
ALS2CR4	279
ALS2CR8	109
ALS2	1208
ALX1	0
ALX3	19
ALX4	0
AMAC1L2	1
AMAC1L3	0
AMAC1	0
AMACR	2891
AMBN	0
AMBP	225008
AMBRA1	1219
AMD1	1536
AMDHD1	2022
AMDHD2	732.74
AMELX	0
AMELY	0
AMFR	6185
AMHR2	0
AMH	4
AMICA1	344
AMIGO1	87
AMIGO2	140
AMIGO3	253
AMMECR1L	799
AMMECR1	320
AMN1	210
AMN	720
AMOTL1	865
AMOTL2	891
AMOT	178
AMPD1	0
AMPD2	2020
AMPD3	91
AMPH	5
AMTN	0
AMT	1832.02
AMY1A	5
AMY2A	2
AMY2B	333.79
AMZ1	5
AMZ2P1	182
AMZ2	1220
ANAPC10	163
ANAPC11	4042
ANAPC13	1887.24
ANAPC16	3298
ANAPC1	533
ANAPC2	1708
ANAPC4	580
ANAPC5	3706
ANAPC7	1443
ANGEL1	770
ANGEL2	838
ANGPT1	91
ANGPT2	239
ANGPT4	0
ANGPTL1	78
ANGPTL2	536
ANGPTL3	10499
ANGPTL4	3838
ANGPTL5	0
ANGPTL6	114.73
ANGPTL7	0
ANG	13421.01
ANK1	6
ANK2	58
ANK3	122
ANKAR	39
ANKDD1A	59
ANKFN1	0
ANKFY1	1507
ANKHD1-EIF4EBP3	873.26
ANKHD1	2868.93
ANKH	3051
ANKIB1	868
ANKK1	3
ANKLE1	9
ANKLE2	1551
ANKMY1	317
ANKMY2	452
ANKRA2	469
ANKRD10	1773
ANKRD11	2320.7
ANKRD12	935
ANKRD13A	1360
ANKRD13B	55
ANKRD13C	516
ANKRD13D	501
ANKRD16	276.91
ANKRD17	2150
ANKRD19	114
ANKRD1	25
ANKRD20A3	4
ANKRD20A4	1
ANKRD20B	7
ANKRD22	25
ANKRD23	59
ANKRD24	149
ANKRD26P1	0
ANKRD26	146
ANKRD27	659
ANKRD28	1394
ANKRD29	156
ANKRD2	2
ANKRD30A	0
ANKRD30B	0
ANKRD31	0
ANKRD32	119
ANKRD33	1
ANKRD34A	21
ANKRD34B	0
ANKRD34C	0
ANKRD35	70
ANKRD36BP1	56
ANKRD36B	6
ANKRD36	72
ANKRD37	141.75
ANKRD39	534
ANKRD40	1577
ANKRD42	172
ANKRD43	425
ANKRD44	39
ANKRD45	5
ANKRD46	965.42
ANKRD49	311
ANKRD50	508
ANKRD52	1322
ANKRD53	8
ANKRD54	779
ANKRD55	5
ANKRD56	436
ANKRD57	1589
ANKRD58	16
ANKRD5	249
ANKRD6	286.71
ANKRD7	0
ANKRD9	218
ANKS1A	733
ANKS1B	11
ANKS3	400
ANKS4B	755
ANKS6	401
ANKZF1	1135
ANLN	320
ANO10	903
ANO1	1442
ANO2	8
ANO3	8
ANO4	3
ANO5	172
ANO6	4664
ANO7	54
ANO8	362
ANO9	35
ANP32A	4031
ANP32B	3650
ANP32C	3
ANP32D	0
ANP32E	1995
ANPEP	21447
ANTXR1	398
ANTXR2	1043
ANTXRL	0
ANUBL1	210
ANXA10	340
ANXA11	5006
ANXA13	437
ANXA1	815
ANXA2P1	50
ANXA2P2	3294
ANXA2P3	3
ANXA2	11434
ANXA3	19
ANXA4	5271
ANXA5	6581
ANXA6	7814
ANXA7	5526
ANXA8L1	0
ANXA8L2	10
ANXA8	6
ANXA9	1451
AOAH	98
AOC2	37
AOC3	838
AOX1	19467
AOX2P	0
AP1AR	651
AP1B1	4122
AP1G1	2626
AP1G2	653.73
AP1M1	3899
AP1M2	86
AP1S1	2075
AP1S2	246
AP1S3	92
AP2A1	4753.62
AP2A2	3177
AP2B1	4254
AP2M1	8717
AP2S1	3123
AP3B1	1456
AP3B2	0
AP3D1	6208
AP3M1	1675
AP3M2	280
AP3S1	1885
AP3S2	2510.87
AP4B1	457.35
AP4E1	359
AP4M1	330.55
AP4S1	73
APAF1	496
APBA1	441
APBA2	22
APBA3	651
APBB1IP	762
APBB1	469
APBB2	1132
APBB3	720
APC2	15
APCDD1L	0
APCDD1	48
APCS	27689
APC	780
APEH	4806
APEX1	4674
APEX2	1015
APH1A	9896
APH1B	244
API5	2695
APIP	856.25
APITD1	295.61
APLF	75
APLNR	682
APLN	229
APLP1	22
APLP2	23525
APOA1BP	5174
APOA1	220324
APOA2	390494
APOA4	176
APOA5	6807
APOB48R	223
APOBEC1	0
APOBEC2	4
APOBEC3A	12
APOBEC3B	125
APOBEC3C	58
APOBEC3D	54
APOBEC3F	243
APOBEC3G	162
APOBEC3H	9
APOBEC4	0
APOB	191784
APOC1P1	305
APOC1	158593
APOC2	107183
APOC3	124471
APOC4	6576
APOD	36
APOE	277109
APOF	1307
APOH	161780
APOL1	7225
APOL2	2777
APOL3	1584
APOL4	111
APOL5	2
APOL6	3962
APOLD1	859
APOM	9895
APOOL	240
APOO	445
APPBP2	953
APPL1	1114
APPL2	930
APP	15642
APRT	3687
APTX	845
AQP10	1
AQP11	495
AQP12A	0
AQP12B	0
AQP1	2176
AQP2	0
AQP3	1811
AQP4	19
AQP5	2
AQP6	4
AQP7P1	114
AQP7P3	16
AQP7	226
AQP8	17
AQP9	10711
AQPEP	2
AQR	784
ARAF	2909
ARAP1	3546.94
ARAP2	266
ARAP3	303
ARCN1	4840
ARC	6
AREG	10
ARF1	20661
ARF3	4116
ARF4	6417
ARF5	4504
ARF6	3732
ARFGAP1	2605
ARFGAP2	3890
ARFGAP3	2024
ARFGEF1	1643
ARFGEF2	2602
ARFIP1	851
ARFIP2	1662
ARFRP1	1677
ARG1	11584
ARG2	240.21
ARGFXP2	0
ARGFX	0
ARGLU1	1493
ARHGAP10	152
ARHGAP11A	265
ARHGAP11B	10
ARHGAP12	1107
ARHGAP15	80
ARHGAP17	1269
ARHGAP18	341
ARHGAP19	355
ARHGAP1	3091
ARHGAP20	23
ARHGAP21	1568
ARHGAP22	49
ARHGAP23	355
ARHGAP24	257
ARHGAP25	247
ARHGAP26	441
ARHGAP27	407
ARHGAP28	28
ARHGAP29	1457
ARHGAP30	331
ARHGAP31	268
ARHGAP32	485
ARHGAP33	184
ARHGAP36	0
ARHGAP39	141
ARHGAP42	214
ARHGAP4	830
ARHGAP5	1635
ARHGAP6	47
ARHGAP8	11.96
ARHGAP9	137
ARHGDIA	10598
ARHGDIB	2123
ARHGDIG	0
ARHGEF10L	3795
ARHGEF10	133
ARHGEF11	2152
ARHGEF12	6085
ARHGEF15	334
ARHGEF16	396
ARHGEF17	533
ARHGEF18	1695
ARHGEF19	97
ARHGEF1	2531
ARHGEF2	886
ARHGEF33	4
ARHGEF35	439
ARHGEF37	295
ARHGEF38	0
ARHGEF3	388
ARHGEF4	6
ARHGEF5	620
ARHGEF6	280
ARHGEF7	1378
ARHGEF9	423
ARID1A	2196
ARID1B	1128
ARID2	526
ARID3A	114
ARID3B	162
ARID3C	20
ARID4A	631
ARID4B	1202.57
ARID5A	953
ARID5B	557
ARIH1	1781
ARIH2	2167.81
ARL10	11
ARL11	27
ARL13A	0
ARL13B	196
ARL14	7
ARL15	321
ARL16	785
ARL17A	93.9
ARL17B	2.63
ARL1	2719
ARL2BP	1569
ARL2	904
ARL3	575
ARL4A	496
ARL4C	639
ARL4D	1119
ARL5A	1068
ARL5B	430
ARL5C	0
ARL6IP1	8635
ARL6IP4	6568
ARL6IP5	2441
ARL6IP6	228
ARL6	41
ARL8A	2241
ARL8B	2606
ARL9	1
ARMC10	828.57
ARMC1	1136
ARMC2	27
ARMC3	0
ARMC4	1
ARMC5	750
ARMC6	1617
ARMC7	665
ARMC8	748
ARMC9	70
ARMCX1	90
ARMCX2	82
ARMCX3	608
ARMCX5	339
ARMCX6	79
ARMS2	1
ARNT2	47
ARNTL2	84
ARNTL	392
ARNT	2746
ARPC1A	4732
ARPC1B	4921.74
ARPC2	4716
ARPC3	5778
ARPC4	4659.01
ARPC5L	1295
ARPC5	6861
ARPM1	70
ARPP19	3455
ARPP21	3
ARR3	0
ARRB1	338
ARRB2	1499
ARRDC1	1164
ARRDC2	1627
ARRDC3	1982
ARRDC4	696
ARRDC5	2
ARSA	2663
ARSB	610
ARSD	2497
ARSE	3753
ARSF	4
ARSG	88
ARSH	0
ARSI	21
ARSJ	55
ARSK	226
ART1	0
ART3	1
ART4	244
ART5	2
ARTN	8
ARV1	876
ARVCF	565
ARX	0
AR	194
AS3MT	2365.28
ASAH1	2349
ASAH2B	8
ASAH2	13
ASAM	2
ASAP1IT1	0
ASAP1	884
ASAP2	416
ASAP3	753
ASB10	0
ASB11	0
ASB12	1
ASB13	1699
ASB14	7
ASB15	0
ASB16	20
ASB17	0
ASB18	0
ASB1	478.55
ASB2	26
ASB3	300
ASB4	6
ASB5	0
ASB6	832.45
ASB7	498
ASB8	1171
ASB9	271
ASCC1	581
ASCC2	3066
ASCC3	1471
ASCL1	3
ASCL2	12
ASCL3	0
ASCL4	0
ASF1A	633
ASF1B	278
ASFMR1	1
ASGR1	18035
ASGR2	20051
ASH1L	1512
ASH2L	904
ASIP	3
ASL	7863
ASMTL	1609.92
ASMT	0
ASNA1	2184
ASNSD1	1574
ASNS	190
ASPA	29
ASPDH	1063
ASPG	360
ASPHD1	53
ASPHD2	30
ASPH	6211.9
ASPM	638
ASPN	417
ASPRV1	44.11
ASPSCR1	2239
ASRGL1	206
ASS1	20943
ASTE1	216.25
ASTL	0
ASTN1	7
ASTN2	132
ASXL1	2152
ASXL2	317
ASXL3	4
ASZ1	0
ATAD1	1215
ATAD2B	349
ATAD2	1690
ATAD3A	1219
ATAD3B	516
ATAD3C	44
ATAD5	59
ATCAY	0
ATE1	238
ATF1	563
ATF2	491
ATF3	1178
ATF4	10625
ATF5	11990
ATF6B	3175
ATF6	2593
ATF7IP2	384
ATF7IP	678
ATF7	963
ATG10	186
ATG12	896
ATG16L1	953
ATG16L2	436.63
ATG2A	2020
ATG2B	1131
ATG3	1284
ATG4A	742
ATG4B	1619
ATG4C	284
ATG4D	519.4
ATG5	970
ATG7	1046.82
ATG9A	3395
ATG9B	9.93
ATHL1	1096
ATIC	2798
ATL1	35
ATL2	1988
ATL3	470
ATMIN	1338
ATM	931
ATN1	2438
ATOH1	0
ATOH7	6
ATOH8	320
ATOX1	4832
ATP10A	52
ATP10B	2
ATP10D	268
ATP11A	1489
ATP11B	1173
ATP11C	870
ATP12A	0
ATP13A1	2726
ATP13A2	677
ATP13A3	5807
ATP13A4	1
ATP13A5	0
ATP1A1	16946.89
ATP1A2	34
ATP1A3	4
ATP1A4	0
ATP1B1	10843.59
ATP1B2	78
ATP1B3	1100
ATP1B4	0
ATP2A1	12
ATP2A2	9825
ATP2A3	354
ATP2B1	1097
ATP2B2	3064
ATP2B3	0
ATP2B4	2125
ATP2C1	2150.21
ATP2C2	2
ATP4A	0
ATP4B	0
ATP5A1	18249
ATP5B	26707
ATP5C1	8602
ATP5D	3914
ATP5EP2	69
ATP5E	9678
ATP5F1	5322
ATP5G1	3482
ATP5G2	9298
ATP5G3	9237
ATP5H	7214
ATP5I	4380.7
ATP5J2	4841
ATP5J	5205.09
ATP5L2	1
ATP5L	5624
ATP5O	5691
ATP5SL	1348
ATP5S	168
ATP6AP1L	46
ATP6AP1	5917
ATP6AP2	4201
ATP6V0A1	3356
ATP6V0A2	534
ATP6V0A4	0
ATP6V0B	5527
ATP6V0C	5534.95
ATP6V0D1	3471
ATP6V0D2	11
ATP6V0E1	6269
ATP6V0E2	3494.99
ATP6V1A	2959
ATP6V1B1	5
ATP6V1B2	1894
ATP6V1C1	2953
ATP6V1C2	114.6
ATP6V1D	1741
ATP6V1E1	3639
ATP6V1E2	66
ATP6V1F	2509.97
ATP6V1G1	3372
ATP6V1G2	12
ATP6V1G3	0
ATP6V1H	1432
ATP7A	206
ATP7B	900
ATP8A1	140
ATP8A2	1
ATP8B1	1589.96
ATP8B2	480
ATP8B3	69
ATP8B4	83
ATP8B5P	72
ATP9A	1732
ATP9B	578
ATPAF1	2465.98
ATPAF2	635.22
ATPBD4	170
ATPIF1	4464
ATRIP	341.34
ATRNL1	17
ATRN	8023
ATRX	1138
ATR	657
ATXN10	3639
ATXN1L	995
ATXN1	928
ATXN2L	3247
ATXN2	1238
ATXN3L	0
ATXN3	450
ATXN7L1	235
ATXN7L2	123
ATXN7L3B	2913
ATXN7L3	1785
ATXN7	620
ATXN8OS	0
AUH	597
AUP1	6946.06
AURKAIP1	4129
AURKAPS1	12
AURKA	649
AURKB	197
AURKC	18
AUTS2	711
AVEN	483
AVIL	47
AVL9	368
AVPI1	828
AVPR1A	21
AVPR1B	0
AVPR2	6
AVP	0
AWAT1	0
AWAT2	0
AXIN1	1004
AXIN2	113.24
AXL	347
AZGP1	27371
AZI1	530
AZI2	1090
AZIN1	5209
AZU1	1
B2M	82350
B3GALNT1	81
B3GALNT2	846.41
B3GALT1	0
B3GALT2	9
B3GALT4	87
B3GALT5	0
B3GALT6	893
B3GALTL	281
B3GAT1	16
B3GAT2	6.27
B3GAT3	1986
B3GNT1	1527
B3GNT2	667
B3GNT3	249
B3GNT4	3
B3GNT5	204
B3GNT6	0
B3GNT7	57
B3GNT8	23
B3GNT9	122.41
B3GNTL1	174.85
B4GALNT1	89.43
B4GALNT2	0
B4GALNT3	6
B4GALNT4	3
B4GALT1	6762
B4GALT2	1672
B4GALT3	1579
B4GALT4	754
B4GALT5	1616
B4GALT6	111
B4GALT7	1237
B9D1	316.23
B9D2	104
BAALC	59
BAAT	25099
BACE1	2077.87
BACE2	289
BACH1	1278
BACH2	83
BAD	1789.79
BAG1	1943.95
BAG2	628
BAG3	1353
BAG4	152
BAG5	1005
BAGE2	1.88
BAGE	0
BAHCC1	484
BAHD1	1069
BAI1	5
BAI2	8
BAI3	2
BAIAP2L1	3049
BAIAP2L2	196
BAIAP2	2770
BAIAP3	440.46
BAK1	613
BAMBI	1067
BANF1	4731
BANF2	1
BANK1	6
BANP	476
BAP1	3313
BARD1	22
BARHL1	0
BARHL2	0
BARX1	2
BARX2	1
BASE	0
BASP1	139
BAT1	6194
BAT2L1	3358.72
BAT2L2	4222
BAT2	6361
BAT3	10610
BAT4	1085.01
BAT5	2682
BATF2	187
BATF3	28
BATF	84
BAX	1649
BAZ1A	750
BAZ1B	2465
BAZ2A	2173.62
BAZ2B	518.31
BBC3	388
BBOX1	167
BBS10	388
BBS12	44
BBS1	512
BBS2	647
BBS4	528
BBS5	101
BBS7	139
BBS9	205
BBX	884
BCAM	5331
BCAN	34
BCAP29	1504
BCAP31	12849
BCAR1	2127
BCAR3	689.61
BCAR4	0
BCAS1	27
BCAS2	1118.36
BCAS3	882
BCAS4	538
BCAT1	159
BCAT2	975
BCCIP	1933.01
BCDIN3D	257.62
BCHE	921
BCKDHA	2969
BCKDHB	935
BCKDK	2802
BCL10	416
BCL11A	15
BCL11B	45
BCL2A1	33
BCL2L10	41
BCL2L11	1034
BCL2L12	657.08
BCL2L13	2075
BCL2L14	12
BCL2L15	7
BCL2L1	5097
BCL2L2	776.68
BCL2	173
BCL3	2169
BCL6B	389
BCL6	1423
BCL7A	660
BCL7B	1763
BCL7C	1095
BCL8	1
BCL9L	1478
BCL9	722
BCLAF1	2493
BCMO1	7
BCO2	105
BCORL1	411
BCORL2	1
BCOR	989
BCR	2078
BCS1L	842
BCYRN1	0
BDH1	6087
BDH2	1009
BDKRB1	17
BDKRB2	146
BDNFOS	71.36
BDNF	5.03
BDP1	675
BEAN	9
BECN1	2194.4
BEGAIN	9
BEND2	0
BEND3	126
BEND4	1
BEND5	9
BEND6	3
BEND7	542
BEST1	35
BEST2	0
BEST3	0
BEST4	7
BET1L	2934
BET1	830
BET3L	1
BEX1	6
BEX2	79
BEX4	188
BEX5	40
BEYLA	0
BFAR	1680
BFSP1	38
BFSP2	2
BGLAP	78
BGN	5959
BHLHA15	17
BHLHB9	128
BHLHE22	9
BHLHE23	0
BHLHE40	5035
BHLHE41	50
BHMT2	9382
BHMT	5768
BICC1	40
BICD1	40
BICD2	773
BID	1917.52
BIK	20
BIN1	2127
BIN2	135
BIN3	456
BIRC2	1719
BIRC3	1102
BIRC5	282.09
BIRC6	2061
BIRC7	2
BIRC8	0
BIVM	878
BLCAP	2856
BLID	0
BLK	5
BLMH	862
BLM	83
BLNK	750
BLOC1S1	3918.31
BLOC1S2	1084
BLOC1S3	635
BLVRA	710
BLVRB	6198
BLZF1	732
BMF	436
BMI1	2256.74
BMP10	0
BMP15	0
BMP1	1265
BMP2K	158
BMP2	374
BMP3	0
BMP4	186
BMP5	2
BMP6	60.83
BMP7	1
BMP8A	52
BMP8B	23
BMPER	5
BMPR1A	412
BMPR1B	4
BMPR2	1525
BMS1P4	22
BMS1P5	83
BMS1	1410
BMX	9
BNC1	2
BNC2	18
BNIP1	338
BNIP2	918
BNIP3L	1255
BNIP3	5214
BNIPL	11
BOC	67
BOD1L	828
BOD1	1249
BOK	4156
BOLA1	775
BOLA2	2095.17
BOLA3	628
BOLL	0
BOP1	637
BPESC1	0
BPGM	631
BPHL	2762
BPIL1	5
BPIL2	0
BPIL3	0
BPI	2
BPNT1	1336
BPTF	1412
BPY2	0
BRAF	156
BRAP	741
BRCA1	262
BRCA2	57
BRCC3	533
BRD1	865
BRD2	7062
BRD3	1013.47
BRD4	2527
BRD7P3	0
BRD7	1309
BRD8	1214
BRD9	987
BRDT	0
BREA2	3
BRE	947
BRF1	1016
BRF2	398
BRI3BP	195
BRI3	4961.86
BRIP1	65
BRIX1	853
BRMS1L	198
BRMS1	1776
BRP44L	2481
BRP44	9941
BRPF1	530
BRPF3	1803
BRS3	0
BRSK1	28
BRSK2	2
BRWD1	1421
BRWD3	143
BSCL2	2202.03
BSDC1	3502
BSG	16607
BSND	0
BSN	100
BSPH1	0
BSPRY	52
BST1	62
BST2	6248
BSX	0
BTAF1	877
BTBD10	473
BTBD11	49
BTBD12	257
BTBD16	69
BTBD17	0
BTBD18	1
BTBD19	15
BTBD1	1463
BTBD2	2485
BTBD3	678
BTBD6	1432
BTBD7	572
BTBD8	2
BTBD9	459
BTC	5
BTD	2011
BTF3L1	0
BTF3L4	801
BTF3	11070
BTG1	6125
BTG2	1060
BTG3	480
BTG4	0
BTK	71
BTLA	6
BTN1A1	0
BTN2A1	637
BTN2A2	443
BTN2A3	21
BTN3A1	1095
BTN3A2	1433
BTN3A3	683
BTNL2	0
BTNL3	0
BTNL8	13
BTNL9	189
BTRC	572
BUB1B	186.95
BUB1	217
BUB3	2443
BUD13	562
BUD31	1994.7
BVES	17
BYSL	810
BZRAP1	143
BZW1	6196
BZW2	1121
C10orf105	25
C10orf107	1
C10orf108	130
C10orf10	6015
C10orf110	15.93
C10orf111	6
C10orf113	0
C10orf114	553
C10orf116	408.81
C10orf118	170
C10orf119	1543
C10orf11	303
C10orf120	0
C10orf122	0
C10orf125	2649
C10orf128	10
C10orf129	0
C10orf12	70
C10orf131	0
C10orf137	273
C10orf140	157.82
C10orf18	1216
C10orf25	150.06
C10orf26	2306.43
C10orf27	0
C10orf28	403
C10orf2	470
C10orf32	2082
C10orf35	147
C10orf40	0
C10orf41	113.65
C10orf46	1639
C10orf47	1133
C10orf4	571
C10orf50	0
C10orf53	0
C10orf54	878
C10orf55	2
C10orf57	1577
C10orf58	6561
C10orf62	2
C10orf67	0
C10orf68	4
C10orf71	0
C10orf72	472
C10orf75	226
C10orf76	937
C10orf78	115
C10orf79	13
C10orf81	3
C10orf82	0
C10orf84	736
C10orf88	252
C10orf90	0
C10orf91	0
C10orf93	1
C10orf95	4.3
C10orf96	0
C10orf99	0
C11orf10	2751
C11orf16	0
C11orf17	623
C11orf1	348.93
C11orf20	2
C11orf21	10
C11orf24	2040
C11orf2	3986
C11orf30	252
C11orf31	2418
C11orf34	0
C11orf35	201.33
C11orf36	0
C11orf40	0
C11orf41	4
C11orf42	0
C11orf45	22
C11orf46	671
C11orf48	1231.98
C11orf49	273
C11orf51	802.8
C11orf52	563
C11orf53	0
C11orf54	3159
C11orf57	843
C11orf58	4400
C11orf59	3148
C11orf61	146
C11orf63	11
C11orf64	0
C11orf65	9
C11orf66	26
C11orf67	656
C11orf68	1262
C11orf70	1
C11orf71	602
C11orf73	657
C11orf74	311
C11orf75	1465
C11orf80	168
C11orf82	78
C11orf83	855
C11orf84	297
C11orf85	0
C11orf86	1
C11orf87	0
C11orf88	0
C11orf90	0
C11orf92	50
C11orf93	46
C11orf94	0
C11orf95	684
C11orf9	1829
C12orf10	1378
C12orf11	616
C12orf12	0
C12orf23	1609
C12orf24	152
C12orf26	105
C12orf27	145
C12orf29	522.14
C12orf32	447
C12orf34	535
C12orf35	1244
C12orf36	0
C12orf39	8
C12orf40	0
C12orf41	556
C12orf42	1
C12orf43	386
C12orf44	1547
C12orf45	391
C12orf47	362.59
C12orf48	113.79
C12orf49	410
C12orf4	347
C12orf50	0
C12orf51	1055
C12orf52	1299
C12orf53	2
C12orf54	0
C12orf56	0
C12orf57	2688
C12orf59	2
C12orf5	290
C12orf60	58
C12orf61	22
C12orf62	1559
C12orf63	1
C12orf65	553
C12orf66	176
C12orf68	12
C12orf69	22
C12orf70	2
C12orf71	0
C12orf72	124
C12orf73	286
C12orf74	2
C12orf75	221
C12orf76	204
C12orf77	0
C13orf15	405
C13orf16	2
C13orf18	35
C13orf1	612
C13orf23	483
C13orf26	0
C13orf27	617
C13orf28	0
C13orf29	47
C13orf30	0
C13orf31	247
C13orf33	16
C13orf34	108.84
C13orf35	0
C13orf36	0
C13orf37	339
C13orf38	0
C13orf39	0
C14orf101	562
C14orf102	527
C14orf104	555
C14orf105	300
C14orf106	254
C14orf109	385
C14orf115	0
C14orf118	127
C14orf119	1203
C14orf126	402.57
C14orf128	60
C14orf129	745
C14orf132	126
C14orf135	530
C14orf138	159
C14orf139	104
C14orf142	392
C14orf143	75
C14orf145	53
C14orf147	2977
C14orf148	5
C14orf149	265
C14orf153	694.27
C14orf156	1368
C14orf159	1037
C14orf162	4
C14orf165	0
C14orf166B	0
C14orf166	3137
C14orf167	841.77
C14orf169	391
C14orf174	3
C14orf176	21
C14orf177	0
C14orf178	0
C14orf179	656
C14orf180	1
C14orf181	78
C14orf182	6
C14orf183	0
C14orf184	0
C14orf19	3
C14orf1	3281
C14orf21	350
C14orf23	0
C14orf28	171
C14orf2	2282
C14orf33	45
C14orf34	0
C14orf37	17
C14orf39	0
C14orf43	666
C14orf45	81.63
C14orf48	0
C14orf49	36
C14orf4	967
C14orf50	2
C14orf53	1
C14orf64	2
C14orf68	986
C14orf70	0
C14orf72	3
C14orf73	652
C14orf79	146
C14orf80	216
C14orf86	0
C14orf93	334
C15orf17	817
C15orf21	39
C15orf23	435
C15orf24	2738
C15orf26	2
C15orf27	17
C15orf28	2
C15orf29	401
C15orf2	0
C15orf32	0
C15orf33	15.03
C15orf34	13
C15orf37	125.05
C15orf38	327.34
C15orf39	789
C15orf40	413.1
C15orf41	317
C15orf42	72
C15orf43	1
C15orf44	1076
C15orf48	70
C15orf50	0
C15orf51	2
C15orf52	241
C15orf53	0
C15orf54	0
C15orf55	0
C15orf56	0
C15orf57	373.68
C15orf58	78
C15orf59	8
C15orf5	0
C15orf60	0
C15orf61	259
C15orf62	66
C15orf63	2655
C16orf11	0
C16orf13	1230
C16orf3	3
C16orf42	1969.27
C16orf45	516
C16orf46	43
C16orf48	372
C16orf52	436
C16orf53	1616.97
C16orf54	35
C16orf55	126
C16orf57	1294
C16orf58	4968.97
C16orf59	136
C16orf5	1984
C16orf61	926.67
C16orf62	776
C16orf63	1066
C16orf68	270
C16orf70	1542.46
C16orf71	15
C16orf72	1472
C16orf73	1.04
C16orf74	14
C16orf75	189
C16orf78	0
C16orf79	33.1
C16orf7	688
C16orf80	944
C16orf81	0
C16orf82	0
C16orf86	100
C16orf87	303
C16orf88	375
C16orf89	4
C16orf90	0
C16orf91	393
C16orf92	0
C16orf93	17
C17orf100	74
C17orf101	820.98
C17orf102	0
C17orf103	454
C17orf104	9
C17orf105	0
C17orf106	848.56
C17orf107	178.01
C17orf108	303
C17orf28	327
C17orf37	1893
C17orf39	361
C17orf42	256
C17orf44	113
C17orf46	1
C17orf47	3
C17orf48	249
C17orf49	1772.34
C17orf50	0
C17orf51	166
C17orf53	89
C17orf54	0
C17orf55	156
C17orf56	733.74
C17orf57	24
C17orf58	563
C17orf59	426
C17orf60	18
C17orf61	1333.57
C17orf62	2505
C17orf63	838
C17orf64	0
C17orf65	220.91
C17orf66	1
C17orf67	40
C17orf68	506
C17orf69	22
C17orf70	1741
C17orf71	647
C17orf72	31.6
C17orf73	0
C17orf74	0
C17orf75	361
C17orf76	19
C17orf77	0
C17orf78	0
C17orf79	1828
C17orf80	637
C17orf81	1140
C17orf82	18
C17orf85	436
C17orf86	144
C17orf87	17
C17orf88	0
C17orf89	907
C17orf90	766
C17orf91	240
C17orf93	0
C17orf95	972
C17orf96	226
C17orf97	68
C17orf98	0
C17orf99	0
C18orf10	1199
C18orf16	1
C18orf18	280
C18orf19	633
C18orf1	732
C18orf20	0
C18orf21	421
C18orf22	883
C18orf25	587
C18orf26	0
C18orf2	5
C18orf32	2833.36
C18orf34	0
C18orf45	156
C18orf54	40
C18orf55	672
C18orf56	77
C18orf62	0
C18orf8	790.41
C19orf10	5771
C19orf12	1766
C19orf18	9
C19orf20	258
C19orf21	8
C19orf22	1965
C19orf23	29
C19orf24	2140
C19orf25	971
C19orf26	5
C19orf28	1797
C19orf29	785
C19orf2	1784
C19orf30	0
C19orf33	6.88
C19orf34	0
C19orf35	6
C19orf36	51
C19orf38	34
C19orf39	169
C19orf40	44
C19orf41	0
C19orf42	2519
C19orf43	4125
C19orf44	244.83
C19orf45	1
C19orf46	334
C19orf47	445
C19orf48	1814
C19orf50	2288
C19orf51	14
C19orf52	424
C19orf53	3176
C19orf54	387
C19orf55	45
C19orf56	3655
C19orf57	62
C19orf59	1
C19orf60	1321
C19orf61	808
C19orf62	2510
C19orf63	6458.21
C19orf66	3198.8
C19orf69	0
C19orf6	5963
C19orf70	2005
C19orf71	8
C19orf73	45
C19orf75	0
C19orf76	16
C19orf77	39
C1D	481
C1GALT1C1	1082
C1GALT1	447
C1QA	3332
C1QBP	2514.71
C1QB	2998
C1QC	2497
C1QL1	54
C1QL2	0
C1QL3	15
C1QL4	4
C1QTNF1	496
C1QTNF2	15
C1QTNF3	153
C1QTNF4	3
C1QTNF6	599
C1QTNF7	12
C1QTNF8	0
C1QTNF9B	2.14
C1QTNF9	4
C1RL	4615.21
C1R	36098
C1S	74321.18
C1orf100	0
C1orf101	14
C1orf103	452
C1orf104	108.71
C1orf105	8
C1orf106	197
C1orf107	1028
C1orf109	344
C1orf110	0
C1orf111	1
C1orf112	264.62
C1orf113	36.9
C1orf114	3
C1orf115	6172
C1orf116	31
C1orf122	1132.95
C1orf123	1043
C1orf124	275
C1orf125	1
C1orf126	8.55
C1orf127	7
C1orf128	1314
C1orf129	0
C1orf130	143
C1orf131	517
C1orf133	6
C1orf135	21
C1orf141	0
C1orf144	3778.05
C1orf146	0
C1orf14	0
C1orf150	0
C1orf151	1536.91
C1orf152	10
C1orf156	268
C1orf157	0
C1orf158	0
C1orf159	242
C1orf161	19
C1orf162	176
C1orf163	375
C1orf168	283
C1orf170	16
C1orf172	133
C1orf173	5
C1orf174	648
C1orf175	21
C1orf177	5
C1orf180	0
C1orf182	22
C1orf183	54
C1orf185	0
C1orf186	7
C1orf187	1
C1orf189	0
C1orf190	6.6
C1orf192	24
C1orf194	0
C1orf198	2152
C1orf200	1
C1orf201	128
C1orf203	98.3
C1orf204	7.63
C1orf210	164
C1orf212	1453
C1orf213	43.9
C1orf216	442
C1orf21	961
C1orf220	18
C1orf223	1
C1orf226	800
C1orf227	2
C1orf228	28
C1orf229	12
C1orf230	0
C1orf25	1039
C1orf26	198
C1orf27	1571
C1orf31	1194
C1orf35	668
C1orf38	292
C1orf43	12395
C1orf49	0
C1orf50	291
C1orf51	255
C1orf52	351
C1orf53	216
C1orf54	130
C1orf55	1040
C1orf56	597.99
C1orf57	1322
C1orf58	274.72
C1orf59	44
C1orf61	3
C1orf63	597
C1orf64	1
C1orf65	0
C1orf66	1326
C1orf68	0
C1orf69	512
C1orf70	4
C1orf74	126
C1orf77	2815
C1orf83	179
C1orf84	14.05
C1orf85	5772
C1orf86	891.56
C1orf87	0
C1orf88	3
C1orf89	75
C1orf91	224.9
C1orf92	0
C1orf93	903.93
C1orf94	0
C1orf95	6
C1orf96	314
C1orf97	449
C1orf9	1491
C20orf103	7
C20orf106	1
C20orf107	2
C20orf108	3831
C20orf111	1198
C20orf112	481
C20orf114	0
C20orf117	129
C20orf118	59.31
C20orf11	2739
C20orf123	0
C20orf12	25
C20orf132	33.02
C20orf134	21
C20orf135	134
C20orf141	0
C20orf144	0
C20orf151	0
C20orf152	4
C20orf160	125
C20orf165	18
C20orf166	0
C20orf173	0
C20orf177	68
C20orf185	0
C20orf186	1
C20orf191	0
C20orf194	297
C20orf195	1
C20orf196	58
C20orf197	1
C20orf199	1384
C20orf200	1
C20orf201	0
C20orf202	7
C20orf203	0
C20orf20	719
C20orf24	4666
C20orf26	1
C20orf27	1161
C20orf29	584
C20orf30	5430
C20orf3	12252
C20orf43	3288
C20orf46	91
C20orf4	1750
C20orf54	30
C20orf56	4911
C20orf70	0
C20orf71	0
C20orf72	661
C20orf79	0
C20orf7	366
C20orf85	0
C20orf94	15
C20orf96	187
C21orf119	131
C21orf121	0
C21orf122	46
C21orf125	31
C21orf128	0
C21orf129	4
C21orf130	0
C21orf131	0
C21orf15	0
C21orf29	10
C21orf2	840
C21orf33	5549
C21orf34	29
C21orf45	271
C21orf49	7
C21orf54	0
C21orf56	176
C21orf57	475
C21orf58	97
C21orf59	903.94
C21orf62	1
C21orf63	123
C21orf67	89
C21orf70	439
C21orf71	2
C21orf7	215
C21orf81	0
C21orf82	4
C21orf84	6
C21orf88	0
C21orf90	9
C21orf91	229
C21orf94	0
C21orf96	0
C21orf99	0
C22orf13	7367.14
C22orf15	4
C22orf23	26
C22orf24	1
C22orf25	692
C22orf26	8
C22orf27	201
C22orf28	3223
C22orf29	600.41
C22orf30	1004
C22orf31	0
C22orf32	1701
C22orf33	0
C22orf34	2
C22orf36	652
C22orf39	623
C22orf40	354
C22orf41	10
C22orf42	0
C22orf43	2
C22orf45	738.98
C22orf46	572
C22orf9	2572
C2CD2L	470.91
C2CD2	615
C2CD3	435
C2CD4A	45
C2CD4B	13
C2CD4C	12
C2CD4D	4
C2orf14	0
C2orf15	13
C2orf16	61
C2orf18	2908
C2orf24	2588
C2orf27A	16
C2orf27B	0
C2orf28	2735.04
C2orf29	1692
C2orf34	115
C2orf39	2
C2orf3	704
C2orf40	4
C2orf42	365
C2orf43	576
C2orf44	332
C2orf47	1130.91
C2orf48	4
C2orf49	155
C2orf50	1
C2orf51	0
C2orf52	4
C2orf53	0
C2orf54	461
C2orf55	76
C2orf56	437
C2orf57	0
C2orf58	6
C2orf60	284.17
C2orf61	0
C2orf62	3
C2orf63	29
C2orf64	936
C2orf65	4
C2orf66	0
C2orf67	527.56
C2orf68	1256
C2orf69	534
C2orf70	0
C2orf71	0
C2orf72	6524
C2orf73	0
C2orf74	475
C2orf76	73
C2orf77	50
C2orf78	2
C2orf79	630
C2orf7	1261
C2orf80	0
C2orf81	26
C2orf82	31
C2orf83	0
C2orf84	2
C2orf85	1
C2orf86	39
C2orf88	67
C2orf89	49
C2	39684.82
C3AR1	204
C3P1	1776
C3orf10	4097
C3orf14	40
C3orf15	36
C3orf16	0
C3orf17	951
C3orf18	248
C3orf19	604
C3orf1	1844
C3orf20	0
C3orf21	193
C3orf22	0
C3orf23	1680
C3orf24	0
C3orf26	513
C3orf27	0
C3orf30	0
C3orf31	171
C3orf32	43
C3orf33	144
C3orf34	39
C3orf35	9
C3orf36	5
C3orf37	1775
C3orf38	457
C3orf39	581
C3orf42	17
C3orf43	0
C3orf45	2.92
C3orf47	44
C3orf48	0
C3orf49	0
C3orf50	0
C3orf51	0
C3orf52	8
C3orf54	53
C3orf55	0
C3orf57	7
C3orf58	723
C3orf59	42
C3orf62	202
C3orf63	1598.36
C3orf64	283
C3orf65	2
C3orf66	1
C3orf67	51
C3orf70	44
C3orf71	54
C3orf72	0
C3orf74	0
C3orf75	720
C3orf77	0
C3orf79	0
C3	443757
C4A	199023.34
C4BPA	37699
C4BPB	9241
C4orf10	310.15
C4orf11	0
C4orf12	5
C4orf14	691
C4orf17	0
C4orf19	926
C4orf21	60
C4orf22	0
C4orf23	289
C4orf26	0
C4orf27	544
C4orf29	145
C4orf31	2
C4orf32	339
C4orf33	184
C4orf34	2059
C4orf35	0
C4orf36	1
C4orf37	0
C4orf38	19
C4orf39	1
C4orf3	3494
C4orf40	0
C4orf41	845
C4orf42	550
C4orf43	404
C4orf44	4
C4orf45	0
C4orf46	138
C4orf47	2
C4orf48	17
C4orf49	3
C4orf50	0
C4orf51	0
C4orf52	907
C4orf6	1
C4orf7	1
C5AR1	227
C5orf13	1388
C5orf15	2606
C5orf20	12
C5orf22	726
C5orf23	122
C5orf24	1924
C5orf25	445.62
C5orf27	86
C5orf28	317
C5orf30	80
C5orf32	2871
C5orf33	6752
C5orf34	40
C5orf35	221
C5orf36	24
C5orf38	0
C5orf39	78
C5orf40	0
C5orf41	315
C5orf42	216
C5orf43	2101
C5orf44	697
C5orf45	233.24
C5orf46	9
C5orf47	1
C5orf48	0
C5orf49	18
C5orf4	2534
C5orf51	1065
C5orf52	0
C5orf53	513
C5orf54	119
C5orf55	132
C5orf56	112.03
C5orf58	4
C5orf60	0
C5orf62	198
C5	18310
C6orf103	0
C6orf105	13
C6orf106	9428
C6orf108	2812
C6orf10	0
C6orf114	11.61
C6orf115	353
C6orf118	0
C6orf120	1341.57
C6orf122	55.87
C6orf123	77
C6orf124	42
C6orf125	1824.22
C6orf126	0
C6orf127	0
C6orf129	1016
C6orf130	950.89
C6orf132	5
C6orf134	232
C6orf136	870
C6orf138	13
C6orf141	8
C6orf142	278
C6orf145	3685
C6orf146	0
C6orf147	0
C6orf150	19
C6orf153	1249
C6orf154	12
C6orf155	4
C6orf15	0
C6orf162	183
C6orf163	5
C6orf164	7.08
C6orf165	2.02
C6orf167	119
C6orf168	2
C6orf170	18
C6orf174	15
C6orf176	1
C6orf182	153
C6orf186	2
C6orf191	0
C6orf192	380
C6orf195	0
C6orf1	656
C6orf201	20.01
C6orf203	540
C6orf204	13
C6orf208	37.19
C6orf211	1042
C6orf217	1
C6orf218	0
C6orf221	0
C6orf222	1
C6orf223	7
C6orf225	149
C6orf226	200
C6orf227	0
C6orf25	0
C6orf26	90.48
C6orf27	108
C6orf35	508
C6orf41	18
C6orf47	1155
C6orf48	2074
C6orf52	5
C6orf57	133
C6orf58	0
C6orf59	1
C6orf62	5471.56
C6orf64	806
C6orf70	630
C6orf72	689
C6orf81	9
C6orf89	4468
C6orf94	0
C6orf97	125
C6	7680
C7orf10	564
C7orf11	1562
C7orf13	194
C7orf16	0
C7orf23	139.83
C7orf25	521.34
C7orf26	837
C7orf27	2290
C7orf28A	1113
C7orf28B	575
C7orf29	682
C7orf30	1139
C7orf31	90
C7orf33	0
C7orf34	0
C7orf36	236
C7orf40	202
C7orf41	286
C7orf42	4676
C7orf43	539
C7orf44	745
C7orf45	0
C7orf46	143
C7orf47	622
C7orf49	886.26
C7orf4	1
C7orf50	2223
C7orf51	13
C7orf52	1
C7orf53	36
C7orf54	1
C7orf55	898
C7orf57	0
C7orf58	305
C7orf59	2439
C7orf60	146
C7orf61	3
C7orf63	46
C7orf64	312
C7orf65	0
C7orf66	0
C7orf68	153
C7orf69	0
C7orf70	527
C7orf71	0
C7orf72	0
C7	791
C8A	6920
C8B	11665
C8G	8015
C8ORFK29	7.14
C8orf12	0
C8orf22	0
C8orf30A	1858
C8orf31	3
C8orf33	2085
C8orf34	0
C8orf37	61
C8orf38	527
C8orf39	6
C8orf40	1240
C8orf41	287.34
C8orf42	340
C8orf44	36.15
C8orf45	55
C8orf46	99
C8orf47	1191
C8orf48	6
C8orf4	1040
C8orf51	28
C8orf55	3382
C8orf56	0
C8orf58	104
C8orf59	1285.69
C8orf71	0
C8orf73	228
C8orf74	0
C8orf75	0
C8orf76	978
C8orf77	12
C8orf79	37
C8orf80	341
C8orf83	1438
C8orf84	33
C8orf85	0
C8orf86	0
C9orf100	189.54
C9orf102	62.95
C9orf103	483
C9orf106	1
C9orf109	5
C9orf110	13
C9orf114	1028.27
C9orf116	47
C9orf117	5
C9orf119	738
C9orf11	0
C9orf122	11
C9orf123	743
C9orf125	158
C9orf128	1
C9orf129	77.98
C9orf130	169.38
C9orf131	1
C9orf135	0
C9orf139	3
C9orf140	68
C9orf142	866
C9orf144B	0
C9orf144	0
C9orf150	1088
C9orf152	30
C9orf153	2
C9orf156	369
C9orf163	12
C9orf167	191
C9orf169	14.63
C9orf16	1305
C9orf170	0
C9orf171	0
C9orf172	14
C9orf173	8
C9orf21	158
C9orf23	1149
C9orf24	9
C9orf25	539
C9orf27	0
C9orf30	349.49
C9orf37	302
C9orf3	1052.34
C9orf40	177
C9orf41	150
C9orf43	23
C9orf44	0
C9orf45	80
C9orf46	479
C9orf47	3.02
C9orf4	0
C9orf50	0
C9orf53	1
C9orf57	1
C9orf5	3240
C9orf64	795
C9orf66	5
C9orf68	69
C9orf69	1525
C9orf6	429
C9orf70	0
C9orf71	0
C9orf72	261
C9orf78	2286
C9orf79	0
C9orf7	2985
C9orf80	191
C9orf82	684
C9orf84	1
C9orf85	200
C9orf86	1169
C9orf89	352
C9orf91	393
C9orf93	21
C9orf95	774
C9orf96	12
C9orf98	5
C9orf9	125
C9	2685
CA10	0
CA11	52
CA12	196
CA13	75
CA14	91
CA1	0
CA2	1760
CA3	8
CA4	5
CA5A	456
CA5BP	262
CA5B	116.15
CA6	0
CA7	0
CA8	4
CA9	6.89
CAB39L	183
CAB39	2299
CABC1	5539.22
CABIN1	1418
CABLES1	690
CABLES2	309
CABP1	3
CABP2	0
CABP4	6
CABP5	0
CABP7	10.29
CABYR	50
CACHD1	145
CACNA1A	6
CACNA1B	0
CACNA1C	74
CACNA1D	128
CACNA1E	2
CACNA1F	1
CACNA1G	1
CACNA1H	236
CACNA1I	4
CACNA1S	1
CACNA2D1	2
CACNA2D2	15
CACNA2D3	4
CACNA2D4	40
CACNB1	35
CACNB2	56
CACNB3	74
CACNB4	11
CACNG1	0
CACNG2	0
CACNG3	0
CACNG4	9
CACNG5	0
CACNG6	0
CACNG7	0
CACNG8	0
CACYBP	2246
CADM1	3266
CADM2	1
CADM3	4
CADM4	343
CADPS2	862
CADPS	1
CAD	1262
CAGE1	0
CALB1	1
CALB2	1
CALCA	5
CALCB	1
CALCOCO1	1858
CALCOCO2	4124
CALCRL	563
CALCR	1
CALD1	10015
CALHM1	0
CALHM2	190
CALHM3	0
CALM1	7835
CALM2	10797
CALM3	8597
CALML3	4
CALML4	665
CALML5	0
CALML6	4
CALN1	0
CALR3	2
CALR	59990
CALU	3362
CALY	1
CAMK1D	166
CAMK1G	5
CAMK1	1150.53
CAMK2A	3
CAMK2B	27
CAMK2D	1167
CAMK2G	900
CAMK2N1	3452
CAMK2N2	81
CAMK4	5
CAMKK1	50
CAMKK2	2122
CAMKV	0
CAMLG	1200
CAMP	0
CAMSAP1L1	861
CAMSAP1	717
CAMTA1	699
CAMTA2	948
CAND1	2325
CAND2	29
CANT1	1935
CANX	32697
CAP1	6341
CAP2	1000
CAPG	860
CAPN10	436.72
CAPN11	11
CAPN12	841.35
CAPN13	1
CAPN14	1
CAPN1	5317
CAPN2	3849
CAPN3	224.28
CAPN5	3089
CAPN6	5
CAPN7	914
CAPN8	5
CAPN9	1
CAPNS1	9532
CAPNS2	0
CAPRIN1	4995
CAPRIN2	393
CAPS2	15
CAPSL	0
CAPS	279
CAPZA1	3211
CAPZA2	3134
CAPZA3	2
CAPZB	5561
CARD10	1513
CARD11	75
CARD14	13
CARD16	189
CARD17	0
CARD18	0
CARD6	243
CARD8	667
CARD9	35
CARHSP1	4598.59
CARKD	2444
CARM1	1814
CARNS1	32
CARS2	1362.54
CARS	1501
CARTPT	0
CASC1	2
CASC2	10
CASC3	2485
CASC4	2948
CASC5	189
CASD1	529
CASKIN1	3.22
CASKIN2	1346.61
CASK	1355
CASP10	510
CASP12	2
CASP14	0
CASP1	303
CASP2	636
CASP3	1019
CASP4	1326
CASP5	1
CASP6	495
CASP7	790
CASP8AP2	285
CASP8	815
CASP9	494
CASQ1	2
CASQ2	27
CASR	2
CASS4	28
CAST	5664.42
CASZ1	196
CATSPER1	2
CATSPER2P1	43.14
CATSPER2	29
CATSPER3	20
CATSPER4	0
CATSPERB	2
CATSPERG	9
CAT	13508
CAV1	1281
CAV2	1585
CAV3	0
CBARA1	3100
CBFA2T2	770
CBFA2T3	71
CBFB	767
CBLB	405
CBLC	532
CBLL1	779
CBLN1	51
CBLN2	0
CBLN3	70
CBLN4	5
CBL	406
CBR1	9497.01
CBR3	53
CBR4	1044
CBS	7586
CBWD1	857
CBWD2	699
CBWD3	450.19
CBWD5	2.54
CBWD6	215
CBX1	1345
CBX2	127
CBX3	3795
CBX4	1393
CBX5	2010
CBX6	148
CBX7	1192
CBX8	382
CBY1	682.85
CC2D1A	1690
CC2D1B	1379
CC2D2A	109
CC2D2B	4
CCAR1	1342
CCBE1	3
CCBL1	552
CCBL2	622
CCBP2	349
CCDC101	703
CCDC102A	120
CCDC102B	82
CCDC103	32
CCDC104	465
CCDC105	0
CCDC106	569
CCDC107	1588.19
CCDC108	3
CCDC109A	636
CCDC109B	74
CCDC110	14
CCDC111	208.74
CCDC112	90
CCDC113	89
CCDC114	7
CCDC115	809
CCDC116	3
CCDC117	1937
CCDC11	10
CCDC120	363
CCDC121	91
CCDC122	43
CCDC123	296
CCDC124	2230
CCDC125	806
CCDC126	274
CCDC127	500
CCDC129	0
CCDC12	1171
CCDC130	715
CCDC132	516
CCDC134	89
CCDC135	16
CCDC136	5
CCDC137	899
CCDC138	55
CCDC13	11
CCDC140	0
CCDC141	5
CCDC142	302.46
CCDC144A	2
CCDC144B	3
CCDC144C	0
CCDC144NL	0
CCDC146	149
CCDC147	2
CCDC148	5
CCDC149	325
CCDC14	603
CCDC150	80
CCDC151	9
CCDC152	905.83
CCDC153	8
CCDC154	9
CCDC155	1
CCDC157	21.07
CCDC158	12
CCDC159	493
CCDC15	74
CCDC160	0
CCDC163P	19
CCDC17	20
CCDC18	75
CCDC19	5
CCDC21	358
CCDC22	944.18
CCDC23	362
CCDC24	191.79
CCDC25	1187
CCDC27	0
CCDC28A	922
CCDC28B	115
CCDC30	20
CCDC33	0
CCDC34	404
CCDC36	3
CCDC37	0
CCDC38	1
CCDC39	7
CCDC3	405
CCDC40	48
CCDC41	206
CCDC42B	5.3
CCDC42	1
CCDC43	385
CCDC45	578
CCDC46	112
CCDC47	5542
CCDC48	35
CCDC50	3368
CCDC51	576
CCDC52	226
CCDC53	688
CCDC54	0
CCDC55	770
CCDC56	3433
CCDC57	504
CCDC58	554
CCDC59	613
CCDC60	0
CCDC61	373
CCDC62	2
CCDC63	0
CCDC64B	2
CCDC64	393
CCDC65	8
CCDC66	197.69
CCDC67	0
CCDC68	177
CCDC69	1122
CCDC6	1230
CCDC70	0
CCDC71	606
CCDC72	2630
CCDC73	55.13
CCDC74A	16
CCDC74B	4
CCDC75	46
CCDC76	261.63
CCDC77	186
CCDC78	10
CCDC79	0
CCDC7	69
CCDC80	372
CCDC81	7
CCDC82	542
CCDC83	0
CCDC84	182
CCDC85A	20
CCDC85B	482
CCDC85C	1470.54
CCDC86	972.86
CCDC87	16
CCDC88A	805
CCDC88B	355
CCDC88C	222
CCDC89	2
CCDC8	23
CCDC90A	810
CCDC90B	958
CCDC91	488
CCDC92	1370
CCDC93	842
CCDC94	834
CCDC96	46
CCDC97	1060
CCDC99	240
CCDC9	749
CCHCR1	1135
CCIN	1
CCKAR	0
CCKBR	0
CCK	0
CCL11	4
CCL13	7
CCL14-CCL15	464.49
CCL14	609.02
CCL15	1333.24
CCL16	2996
CCL17	4
CCL18	69
CCL19	58
CCL1	0
CCL20	619
CCL21	258
CCL22	15
CCL23	3
CCL24	2
CCL25	23
CCL26	3
CCL27	0
CCL28	51
CCL2	339
CCL3L1	31.83
CCL3L3	2.74
CCL3	124
CCL4L2	77
CCL4	104
CCL5	482
CCL7	0
CCL8	29
CCM2	2796
CCNA1	0
CCNA2	335.3
CCNB1IP1	1099
CCNB1	726
CCNB2	307
CCNB3	23
CCNC	2160
CCND1	4603.16
CCND2	254
CCND3	1130
CCNDBP1	1142
CCNE1	98
CCNE2	121.42
CCNF	275
CCNG1	4453
CCNG2	460
CCNH	796.4
CCNI2	4.25
CCNI	2327
CCNJL	17
CCNJ	99
CCNK	1124.18
CCNL1	1638
CCNL2	2927
CCNO	22
CCNT1	55
CCNT2	740
CCNYL1	772
CCNY	3322
CCPG1	3016.2
CCR10	12
CCR1	130
CCR2	45
CCR3	1
CCR4	5
CCR5	92
CCR6	55.16
CCR7	32
CCR8	2
CCR9	1
CCRL1	12
CCRL2	62
CCRN4L	132
CCS	2041
CCT2	3715
CCT3	14622
CCT4	5127
CCT5	6006
CCT6A	5787
CCT6B	45
CCT6P1	83
CCT7	7268
CCT8L2	0
CCT8	4569
CD101	27
CD109	282
CD14	11303
CD151	9414
CD160	20
CD163L1	165
CD163	708
CD164L2	0
CD164	8709
CD177	4
CD180	56
CD19	3
CD1A	2
CD1B	2
CD1C	23
CD1D	129
CD1E	10
CD200R1L	0
CD200R1	14
CD200	105
CD207	5
CD209	128
CD226	11
CD22	32
CD244	21
CD247	89
CD248	433
CD24	3892
CD274	13
CD276	2490
CD27	54.94
CD28	56
CD2AP	1707
CD2BP2	1985
CD2	168
CD300A	164
CD300C	20
CD300E	0
CD300LB	14
CD300LD	0
CD300LF	37
CD300LG	8
CD302	4972.68
CD320	997
CD33	65
CD34	1713
CD36	1561
CD37	234
CD38	27
CD3D	94
CD3EAP	441.14
CD3E	207
CD3G	10
CD40LG	19
CD40	673
CD44	1147
CD46	8861
CD47	1748
CD48	182
CD4	1559
CD52	265
CD53	452
CD55	664
CD58	263
CD59	12576
CD5L	124
CD5	69
CD63	20159
CD68	3853
CD69	56
CD6	107
CD70	4
CD72	88
CD74	40560
CD79A	21
CD79B	101
CD7	152
CD80	9
CD81	19178
CD82	1202
CD83	213
CD84	33
CD86	149
CD8A	107
CD8B	26
CD93	1431
CD96	74
CD97	1210
CD99L2	3573
CD99	5198
CD9	1747
CDADC1	293
CDAN1	569
CDA	489
CDC123	1658.48
CDC14A	92
CDC14B	1044
CDC14C	11
CDC16	1886
CDC20B	1
CDC20	500
CDC23	1240
CDC25A	119
CDC25B	1863
CDC25C	148
CDC26	221.18
CDC27	1671
CDC34	3079
CDC37L1	843
CDC37	5503
CDC40	726
CDC42BPA	2334
CDC42BPB	3938
CDC42BPG	54
CDC42EP1	5136
CDC42EP2	213
CDC42EP3	212
CDC42EP4	2567
CDC42EP5	58
CDC42SE1	2265.71
CDC42SE2	1668
CDC42	6286
CDC45	185
CDC5L	1760
CDC6	408
CDC73	1189
CDC7	121
CDCA2	58
CDCA3	205.32
CDCA4	246
CDCA5	450
CDCA7L	328.23
CDCA7	32
CDCA8	279
CDCP1	40
CDCP2	0
CDH10	0
CDH11	113
CDH12	6
CDH13	328
CDH15	12
CDH16	9
CDH17	2
CDH18	0
CDH19	4
CDH1	6156
CDH20	0
CDH22	0
CDH23	296
CDH24	90
CDH26	3
CDH2	3337
CDH3	5
CDH4	1
CDH5	1367
CDH6	72
CDH7	0
CDH8	2
CDH9	0
CDHR1	8
CDHR2	208
CDHR3	82.02
CDHR4	0
CDHR5	8357
CDIPT	4581
CDK10	2158
CDK11A	678.71
CDK11B	1182.34
CDK12	1466
CDK13	1283
CDK14	853
CDK15	0
CDK16	1925
CDK17	652
CDK18	849
CDK19	530.34
CDK1	477
CDK20	125
CDK2AP1	1714
CDK2AP2	3325
CDK2	758
CDK3	408.66
CDK4	2951
CDK5R1	76
CDK5R2	0
CDK5RAP1	968
CDK5RAP2	2229
CDK5RAP3	4787
CDK5	697
CDK6	1057
CDK7	555
CDK8	225
CDK9	2068
CDKAL1	447
CDKL1	7
CDKL2	1
CDKL3	29.07
CDKL4	0
CDKL5	9
CDKN1A	5361
CDKN1B	1819
CDKN1C	105
CDKN2AIPNL	768
CDKN2AIP	454
CDKN2A	401
CDKN2BAS	15
CDKN2B	283
CDKN2C	592
CDKN2D	156
CDKN3	267
CDNF	67
CDO1	6718
CDON	186
CDR1	0
CDR2L	142
CDR2	964
CDRT15P	6
CDRT15	0
CDRT1	3
CDRT4	130.81
CDS1	60
CDS2	1416
CDSN	3
CDT1	388
CDV3	5398
CDX1	2
CDX2	1
CDX4	0
CDY1B	0
CDY1	0
CDY2B	0
CDYL2	24
CDYL	493
CEACAM16	0
CEACAM18	0
CEACAM19	184
CEACAM1	2925
CEACAM20	2
CEACAM21	15
CEACAM22P	3
CEACAM3	1
CEACAM4	4
CEACAM5	0
CEACAM6	1
CEACAM7	0
CEACAM8	0
CEBPA	13306
CEBPB	4654
CEBPD	3722
CEBPE	1
CEBPG	3651
CEBPZ	1591
CECR1	983
CECR2	151
CECR4	5
CECR5	1700
CECR6	12
CECR7	1
CELA1	0
CELA2A	0
CELA2B	0
CELA3A	0
CELA3B	0
CELF1	2934
CELF2	157
CELF3	0
CELF4	4
CELF5	12
CELF6	84.37
CELP	0
CELSR1	367
CELSR2	355
CELSR3	163
CEL	17
CEMP1	529.92
CEND1	6
CENPA	89
CENPBD1	456
CENPB	3722
CENPC1	280
CENPE	148
CENPF	788
CENPH	157
CENPI	21
CENPJ	163
CENPK	71
CENPL	170
CENPM	201
CENPN	593.94
CENPO	104.01
CENPP	106.99
CENPQ	163
CENPT	803
CENPV	804
CENPW	179
CEP110	301
CEP120	488
CEP135	87
CEP152	65
CEP164	521
CEP170L	1
CEP170	643
CEP192	424
CEP250	972
CEP290	289.05
CEP350	1516
CEP55	92
CEP57	1690
CEP63	720.69
CEP68	558
CEP70	625
CEP72	175
CEP76	169
CEP78	254
CEP97	56
CEPT1	1090
CER1	0
CERCAM	173
CERKL	61.42
CERK	2141
CES1	77934
CES2	21268
CES3	1031
CES4	1068
CES7	35
CES8	84
CETN1	0
CETN2	1218
CETN3	304
CETN4P	1
CETP	118
CFB	147084.81
CFC1B	0
CFDP1	1442
CFD	141
CFHR1	26418
CFHR2	14177
CFHR3	1325.7
CFHR4	807
CFHR5	3354
CFH	70402
CFI	13603
CFL1	21348
CFL2	2590
CFLAR	1257
CFLP1	1
CFP	84
CFTR	3
CG030	32
CGA	1
CGB1	0
CGB2	0
CGB5	0
CGB7	1
CGB8	0
CGB	0
CGGBP1	2324
CGNL1	3298
CGN	4269
CGREF1	665.66
CGRRF1	258
CH25H	27
CHAC1	137
CHAC2	91
CHADL	114
CHAD	559
CHAF1A	649
CHAF1B	135
CHAT	0
CHCHD10	4242
CHCHD1	1374
CHCHD2	7814
CHCHD3	1288
CHCHD4	664
CHCHD5	775
CHCHD6	211
CHCHD7	977
CHCHD8	2660
CHD1L	2379
CHD1	844
CHD2	2040
CHD3	890
CHD4	6178.21
CHD5	1
CHD6	877
CHD7	652
CHD8	1562
CHD9	755
CHDH	2963
CHEK1	196
CHEK2	331
CHERP	2582.85
CHFR	616
CHGA	1
CHGB	1
CHI3L1	4597
CHI3L2	5
CHIA	0
CHIC1	60
CHIC2	263
CHID1	3686
CHIT1	11
CHKA	1736
CHKB-CPT1B	511.61
CHKB	398.23
CHL1	3
CHML	481
CHMP1A	2724
CHMP1B	2139
CHMP2A	5347
CHMP2B	1349
CHMP4A	1363.33
CHMP4B	3997
CHMP4C	421
CHMP5	1972.75
CHMP6	1380
CHMP7	1041
CHM	491
CHN1	74
CHN2	1146
CHODL	2
CHORDC1	530
CHP2	0
CHPF2	1830
CHPF	4207
CHPT1	4767.83
CHP	8801
CHRAC1	1092
CHRDL1	5
CHRDL2	49
CHRD	1167
CHRFAM7A	4
CHRM1	0
CHRM2	0
CHRM3	19
CHRM4	1
CHRM5	4
CHRNA10	12
CHRNA1	1
CHRNA2	0
CHRNA3	1
CHRNA4	46
CHRNA5	11
CHRNA6	0
CHRNA7	0
CHRNA9	0
CHRNB1	347
CHRNB2	4
CHRNB3	0
CHRNB4	1
CHRND	0
CHRNE	60.96
CHRNG	0
CHST10	69
CHST11	79
CHST12	328
CHST13	1582
CHST14	596
CHST15	1068
CHST1	105
CHST2	132
CHST3	162
CHST4	2
CHST5	2
CHST6	3
CHST7	170
CHST8	2
CHST9	307
CHSY1	535
CHSY3	50
CHTF18	354
CHTF8	2885
CHUK	862
CHURC1	1471.33
CIAO1	3340
CIAPIN1	1255
CIB1	4236
CIB2	63
CIB3	0
CIB4	0
CIC	2158
CIDEA	0
CIDEB	4041.8
CIDECP	188
CIDEC	33
CIITA	177
CILP2	14
CILP	18
CINP	847
CIR1	1040
CIRBP	5903
CIRH1A	974
CISD1	1128
CISD2	1759
CISD3	3894.13
CISH	1097
CITED1	4
CITED2	1258
CITED4	975
CIT	238
CIZ1	1564
CKAP2L	97
CKAP2	435
CKAP4	4563
CKAP5	2216
CKB	771
CKLF	553
CKMT1A	2
CKMT1B	5
CKMT2	3
CKM	1
CKS1B	1433
CKS2	606
CLASP1	1371
CLASP2	827
CLCA1	0
CLCA2	0
CLCA3P	0
CLCA4	0
CLCC1	1367.63
CLCF1	129
CLCN1	2
CLCN2	190
CLCN3	948
CLCN4	446
CLCN5	1217
CLCN6	497
CLCN7	4193
CLCNKA	8
CLCNKB	0
CLC	0
CLDN10	2.56
CLDN11	49
CLDN12	2247
CLDN14	693
CLDN15	1349
CLDN16	12
CLDN17	0
CLDN18	1
CLDN19	5
CLDN1	11525
CLDN20	1
CLDN22	0
CLDN23	372
CLDN25	0
CLDN2	767.81
CLDN3	1175
CLDN4	256
CLDN5	594
CLDN6	1
CLDN7	1239
CLDN8	0
CLDN9	65
CLDND1	1233
CLDND2	8
CLEC10A	107
CLEC11A	152
CLEC12A	13
CLEC12B	1
CLEC14A	706
CLEC16A	1031
CLEC17A	1
CLEC18A	15
CLEC18B	5
CLEC18C	1
CLEC1A	44
CLEC1B	0
CLEC2A	0
CLEC2B	167
CLEC2D	474
CLEC2L	1
CLEC3A	0
CLEC3B	501
CLEC4A	35
CLEC4C	0
CLEC4D	0
CLEC4E	14
CLEC4F	8
CLEC4GP1	0
CLEC4G	5
CLEC4M	1
CLEC5A	9
CLEC6A	0
CLEC7A	70
CLEC9A	4
CLECL1	7
CLGN	282
CLIC1	6670
CLIC2	193
CLIC3	10
CLIC4	2560
CLIC5	74
CLIC6	9
CLINT1	3534
CLIP1	2356
CLIP2	527
CLIP3	121
CLIP4	250
CLK1	1740
CLK2P	19
CLK2	1141
CLK3	1133
CLK4	473
CLLU1OS	0
CLLU1	1
CLMN	1922
CLN3	3332
CLN5	945
CLN6	1841
CLN8	456
CLNK	0
CLNS1A	2646
CLOCK	154
CLP1	440
CLPB	814
CLPP	1967
CLPS	0
CLPTM1L	5266
CLPTM1	8352
CLPX	1759
CLRN1OS	0
CLRN1	0
CLRN2	0
CLRN3	173
CLSPN	28
CLSTN1	1856
CLSTN2	10
CLSTN3	2956
CLTA	4727
CLTB	2476
CLTCL1	367
CLTC	14374
CLUAP1	353.26
CLUL1	2
CLU	155922
CLVS1	25.62
CLVS2	0
CLYBL	872
CMA1	0
CMAH	127
CMAS	1707
CMBL	5755
CMC1	545
CMIP	1278
CMKLR1	238
CMPK1	7293
CMPK2	194
CMTM1	37
CMTM2	2
CMTM3	497
CMTM4	424
CMTM5	0
CMTM6	3308
CMTM7	319
CMTM8	902
CMYA5	90
CN5H6.4	6
CNBD1	0
CNBP	9799
CNDP1	20
CNDP2	8439
CNFN	14
CNGA1	242
CNGA2	0
CNGA3	0
CNGA4	2
CNGB1	1
CNGB3	0
CNIH2	10
CNIH3	18
CNIH4	1557
CNIH	3480
CNKSR1	7
CNKSR2	15
CNKSR3	1133
CNN1	135
CNN2	2761
CNN3	5249
CNNM1	53
CNNM2	472
CNNM3	2617
CNNM4	416
CNOT10	863
CNOT1	3905.02
CNOT2	1467
CNOT3	1399
CNOT4	630
CNOT6L	1040
CNOT6	674
CNOT7	1383
CNOT8	1281
CNO	478
CNPY1	0
CNPY2	4343
CNPY3	2716
CNPY4	273
CNP	4014.74
CNR1	6
CNR2	1
CNRIP1	107
CNST	1334
CNTD1	36.5
CNTD2	55
CNTFR	38
CNTF	12
CNTLN	489
CNTN1	0
CNTN2	3
CNTN3	10
CNTN4	30
CNTN5	0
CNTN6	0
CNTNAP1	95
CNTNAP2	244
CNTNAP3	41
CNTNAP4	1
CNTNAP5	0
CNTROB	686
COASY	3755
COBLL1	2261
COBL	1682
COBRA1	2282
COCH	136.99
COG1	1148.3
COG2	947
COG3	1422
COG4	1990
COG5	782.81
COG6	422
COG7	754
COG8	704.18
COIL	744
COL10A1	5
COL11A1	4
COL11A2	11
COL12A1	323
COL13A1	7
COL14A1	370
COL15A1	715
COL16A1	140
COL17A1	5
COL18A1	40336
COL19A1	0
COL1A1	8148
COL1A2	5131
COL20A1	0
COL21A1	59
COL22A1	9
COL23A1	18
COL24A1	5
COL25A1	2
COL27A1	810
COL28A1	1
COL29A1	0
COL2A1	1
COL3A1	5538
COL4A1	7372
COL4A2	7672
COL4A3BP	1121
COL4A3	11
COL4A4	71
COL4A5	53
COL4A6	3
COL5A1	1131
COL5A2	1505
COL5A3	1640
COL6A1	4130
COL6A2	3967
COL6A3	1973
COL6A4P2	2
COL6A6	2
COL7A1	86
COL8A1	43
COL8A2	40
COL9A1	8
COL9A2	36
COL9A3	56
COLEC10	19
COLEC11	881
COLEC12	37
COLQ	88
COMMD10	536
COMMD1	577
COMMD2	862
COMMD3	1410.53
COMMD4	3222
COMMD5	1287.23
COMMD6	1761
COMMD7	1700
COMMD8	344
COMMD9	1458
COMP	10
COMTD1	540
COMT	4572
COPA	9950.73
COPB1	4514.54
COPB2	4584
COPE	6087
COPG2	419
COPG	7699
COPS2	1997
COPS3	1264
COPS4	848
COPS5	2525
COPS6	3730
COPS7A	2703
COPS7B	927
COPS8	1156.98
COPZ1	5721
COPZ2	542
COQ10A	727
COQ10B	1156
COQ2	355
COQ3	336
COQ4	1738
COQ5	1639
COQ6	725.68
COQ7	556
COQ9	2344
CORIN	8
CORO1A	747
CORO1B	3508
CORO1C	2876
CORO2A	339
CORO2B	30
CORO6	12
CORO7	886.32
CORT	8.5
COTL1	1325
COX10	408
COX11	1958.46
COX15	1802.91
COX16	1598
COX17	1746
COX18	647
COX19	443.07
COX4I1	12601
COX4I2	49
COX4NB	722
COX5A	4329
COX5B	5849
COX6A1	7549
COX6A2	25
COX6B1	8984
COX6B2	1
COX6C	8286
COX7A1	80
COX7A2L	3439
COX7A2	4432
COX7B2	1
COX7B	5117
COX7C	8810
COX8A	5963
COX8C	0
CP110	216
CPA1	0
CPA2	0
CPA3	18
CPA4	3
CPA5	0
CPA6	1
CPAMD8	39
CPB1	1
CPB2	18366
CPD	6648
CPEB1	0
CPEB2	844
CPEB3	285
CPEB4	2101
CPE	1540
CPLX1	253
CPLX2	66
CPLX3	1
CPLX4	0
CPM	1811
CPN1	1885
CPN2	8993
CPNE1	2892.54
CPNE2	627
CPNE3	3366
CPNE4	0
CPNE5	48
CPNE6	1
CPNE7	25
CPNE8	408
CPNE9	1
CPOX	771
CPO	1
CPPED1	2643
CPS1	42501
CPSF1	3286
CPSF2	1435
CPSF3L	2571
CPSF3	1184
CPSF4L	0
CPSF4	924
CPSF6	1668
CPSF7	2490
CPT1A	5708
CPT1B	334.11
CPT1C	42
CPT2	2844
CPVL	643
CPXCR1	0
CPXM1	62
CPXM2	97
CPZ	19
CP	44692.87
CR1L	0
CR1	23
CR2	1
CRABP1	0
CRABP2	16
CRADD	662
CRAMP1L	508
CRAT	5946
CRB1	1
CRB2	3
CRB3	570
CRBN	927.77
CRCP	1463
CRCT1	0
CREB1	766
CREB3L1	68
CREB3L2	2136
CREB3L3	9587
CREB3L4	619
CREB3	1394.69
CREB5	65
CREBBP	2394
CREBL2	2090
CREBZF	1326
CREG1	10054
CREG2	1
CRELD1	1631
CRELD2	1985
CREM	876
CRHBP	23
CRHR1	0
CRHR2	1
CRH	0
CRIM1	1169
CRIP1	346
CRIP2	1866
CRIP3	190
CRIPAK	336
CRIPT	594
CRISP1	0
CRISP2	0
CRISP3	1
CRISPLD1	21
CRISPLD2	356
CRKL	2768
CRK	990
CRLF1	10
CRLF2	0
CRLF3	268
CRLS1	4237
CRMP1	82.46
CRNKL1	1195
CRNN	0
CROCCL1	924
CROCCL2	39
CROCC	403
CROT	1299
CRP	15011
CRTAC1	3
CRTAM	9
CRTAP	4979
CRTC1	468
CRTC2	2076
CRTC3	888
CRX	0
CRY1	530
CRY2	2957
CRYAA	257
CRYAB	167
CRYBA1	0
CRYBA2	0
CRYBA4	0
CRYBB1	5
CRYBB2	2
CRYBB3	4
CRYBG3	123.12
CRYGA	0
CRYGB	0
CRYGC	0
CRYGD	0
CRYGN	0
CRYGS	33.94
CRYL1	5090
CRYM	424
CRYZL1	354.95
CRYZ	5937.72
CSAD	888
CSAG1	1
CSAG2	0
CSAG3	2
CSDAP1	8
CSDA	707
CSDC2	3
CSDE1	13727
CSE1L	2754
CSF1R	873
CSF1	535
CSF2RA	67
CSF2RB	108
CSF2	0
CSF3R	104
CSF3	0
CSGALNACT1	202
CSGALNACT2	599
CSH1	0
CSH2	0
CSHL1	0
CSK	2463
CSMD1	3
CSMD2	14
CSMD3	0
CSN1S1	0
CSN1S2A	0
CSN2	0
CSN3	0
CSNK1A1L	1
CSNK1A1P	2
CSNK1A1	4734
CSNK1D	4925
CSNK1E	1647.78
CSNK1G1	393
CSNK1G2	1690
CSNK1G3	829
CSNK2A1P	328
CSNK2A1	1275
CSNK2A2	614
CSNK2B	6339.78
CSPG4PY2	0
CSPG4	430
CSPG5	32
CSPP1	408
CSRNP1	1033
CSRNP2	535
CSRNP3	1
CSRP1	4700
CSRP2BP	1110
CSRP2	864
CSRP3	0
CST11	0
CST1	2
CST2	2
CST3	11817
CST4	0
CST5	0
CST6	1
CST7	90
CST8	0
CST9L	0
CST9	0
CSTA	394
CSTB	5544
CSTF1	1053
CSTF2T	1081
CSTF2	361
CSTF3	964.72
CSTL1	0
CSTT	0
CS	3798
CT45A1	0
CT45A2	0
CT45A3	0
CT45A4	0
CT45A5	0
CT45A6	0
CT47A10	0
CT47A11	0
CT47A1	0
CT47A2	0
CT47A6	0
CT47A7	0
CT47A9	0
CT47B1	0
CT62	0
CTAG1B	0
CTAG2	0
CTAGE1	18
CTAGE4	74
CTAGE5	4155.24
CTAGE6	5
CTAGE9	209
CTBP1	4802.36
CTBP2	224
CTBS	960.93
CTCFL	17.06
CTCF	1508
CTDP1	894
CTDSP1	6215
CTDSP2	5070
CTDSPL2	504
CTDSPL	1421
CTF1	19
CTGF	2323
CTHRC1	100
CTH	1173
CTLA4	23
CTNNA1	10923
CTNNA2	3
CTNNA3	4
CTNNAL1	864
CTNNB1	8899.99
CTNNBIP1	906
CTNNBL1	2081
CTNND1	7207
CTNND2	13
CTNS	748.96
CTPS2	670
CTPS	1775
CTR9	2468
CTRB1	0
CTRB2	0
CTRC	0
CTRL	10
CTSA	13223.36
CTSB	36715
CTSC	2535
CTSD	71893
CTSE	3
CTSF	4551
CTSG	4
CTSH	5722
CTSK	246
CTSL1	5848
CTSL2	30
CTSL3	0
CTSO	2156
CTSS	3221
CTSW	77
CTSZ	12028
CTTNBP2NL	300
CTTNBP2	15
CTTN	5420
CTU1	131
CTU2	497.26
CTXN1	13
CTXN2	0
CTXN3	0
CUBN	16
CUEDC1	327
CUEDC2	1610
CUL1	2969
CUL2	1132
CUL3	2067
CUL4A	2741
CUL4B	2212
CUL5	1107
CUL7	1544.9
CUL9	1089
CUTA	7522
CUTC	609.11
CUX1	2189
CUX2	1021
CUZD1	7.15
CWC15	1553
CWC22	661
CWC25	499
CWC27	472
CWF19L1	650
CWF19L2	330
CWH43	0
CX3CL1	1219
CX3CR1	45
CXADRP2	1
CXADRP3	1
CXADR	715
CXCL10	520
CXCL11	49
CXCL12	1203
CXCL13	19
CXCL14	13
CXCL16	2110
CXCL17	6
CXCL1	59
CXCL2	799
CXCL3	7
CXCL5	6
CXCL6	31
CXCL9	464
CXCR1	6
CXCR2P1	41
CXCR2	6
CXCR3	44
CXCR4	888
CXCR5	6
CXCR6	69
CXCR7	498
CXXC1	1279
CXXC4	3
CXXC5	1843
CXorf1	0
CXorf21	18
CXorf22	0
CXorf23	153
CXorf26	640
CXorf27	0
CXorf30	0
CXorf36	409
CXorf38	212
CXorf40A	638
CXorf40B	676
CXorf41	0
CXorf42	27
CXorf48	0
CXorf49B	0
CXorf50B	0
CXorf51	0
CXorf56	230
CXorf57	74
CXorf58	1
CXorf59	0
CXorf61	0
CXorf64	0
CXorf65	1
CXorf66	1
CYB561D1	221
CYB561D2	1108.06
CYB561	1179
CYB5A	15656
CYB5B	1974
CYB5D1	426
CYB5D2	820
CYB5R1	3179
CYB5R2	94
CYB5R3	11064
CYB5R4	348
CYB5RL	82
CYBASC3	2253
CYBA	1076
CYBB	400
CYBRD1	748
CYC1	7877
CYCSP52	0
CYCS	4749
CYFIP1	3362
CYFIP2	1261
CYGB	551
CYHR1	1873
CYLC1	0
CYLC2	0
CYLD	1180
CYMP	0
CYP11A1	195
CYP11B1	0
CYP11B2	0
CYP17A1	185.92
CYP19A1	3
CYP1A1	99
CYP1A2	89
CYP1B1	489
CYP20A1	821
CYP21A2	666.89
CYP24A1	0
CYP26A1	13
CYP26B1	23
CYP26C1	0
CYP27A1	21500
CYP27B1	22
CYP27C1	13
CYP2A13	9
CYP2A6	7099
CYP2A7	106
CYP2B6	1932
CYP2B7P1	434
CYP2C18	2434.7
CYP2C19	191.4
CYP2C8	6363
CYP2C9	9603
CYP2D6	9571
CYP2D7P1	661
CYP2E1	31828.27
CYP2F1	0
CYP2J2	2727
CYP2R1	394
CYP2S1	49
CYP2U1	264
CYP2W1	3
CYP39A1	234
CYP3A43	37
CYP3A4	2875
CYP3A5	5064
CYP3A7	1515.98
CYP46A1	15
CYP4A11	11224
CYP4A22	446
CYP4B1	1
CYP4F11	3934
CYP4F12	930
CYP4F22	408
CYP4F2	3238
CYP4F3	3592
CYP4F8	0
CYP4V2	3115
CYP4X1	81
CYP4Z1	2
CYP4Z2P	0
CYP51A1	7407
CYP7A1	1457
CYP7B1	264
CYP8B1	6518
CYR61	1418
CYS1	14
CYSLTR1	15
CYSLTR2	8
CYTH1	2191
CYTH2	1686
CYTH3	435
CYTH4	301
CYTIP	106
CYTL1	5
CYTSA	1983
CYTSB	117
CYYR1	319
CYorf15A	98
CYorf15B	84
D2HGDH	1222
D4S234E	6
DAAM1	347
DAAM2	229.47
DAB1	11
DAB2IP	1433
DAB2	1310
DACH1	10
DACH2	0
DACT1	70
DACT2	78
DACT3	54
DAD1L	0
DAD1	5087
DAG1	6240
DAGLA	174
DAGLB	781
DAK	3964
DALRD3	720.03
DAND5	3
DAOA	0
DAO	1625
DAP3	4960
DAPK1	1774
DAPK2	376
DAPK3	1490
DAPL1	0
DAPP1	26
DAP	8056
DARC	35
DARS2	1225
DARS	2205
DAXX	2254
DAZ1	0
DAZ2	0
DAZ3	0
DAZ4	0
DAZAP1	3005
DAZAP2	7999
DAZL	0
DBC1	2
DBF4B	139
DBF4	201
DBH	68.23
DBI	8098
DBN1	592
DBNDD1	962
DBNDD2	357.02
DBNL	2927
DBP	822.35
DBR1	391
DBT	1280
DBX1	0
DBX2	0
DCAF10	1365
DCAF11	5831.23
DCAF12L1	0
DCAF12L2	0
DCAF12	1514
DCAF13	1390.8
DCAF15	713
DCAF16	411
DCAF17	337
DCAF4L1	11
DCAF4L2	1
DCAF4	343
DCAF5	1733
DCAF6	4814
DCAF7	2560
DCAF8L1	0
DCAF8L2	0
DCAF8	5461.43
DCAKD	1004
DCBLD1	430.2
DCBLD2	815
DCC	0
DCDC1	0
DCDC2B	0
DCDC2	484.22
DCD	0
DCHS1	356
DCHS2	1
DCI	4760
DCK	475
DCLK1	17
DCLK2	46
DCLK3	7
DCLRE1A	483
DCLRE1B	208
DCLRE1C	201
DCN	1074
DCP1A	586
DCP1B	386
DCP2	870
DCPS	1254
DCST1	1
DCST2	26
DCTD	2036
DCTN1	4435
DCTN2	3025
DCTN3	1505
DCTN4	2185
DCTN5	981
DCTN6	528
DCTPP1	1020
DCT	0
DCUN1D1	779
DCUN1D2	289
DCUN1D3	226
DCUN1D4	1455
DCUN1D5	430
DCXR	16659
DCX	4
DDA1	1242
DDAH1	3585
DDAH2	2235
DDB1	8135
DDB2	869
DDC	1418
DDHD1	296
DDHD2	483
DDI1	0
DDI2	98.53
DDIT3	1106.71
DDIT4L	10
DDIT4	2973
DDN	2
DDOST	9016
DDO	318
DDR1	828
DDR2	27
DDRGK1	3678
DDTL	2680.42
DDT	6925.37
DDX10	736
DDX11L2	16
DDX11	462
DDX12	98
DDX17	10190
DDX18	2084
DDX19A	1302.98
DDX19B	1109.01
DDX1	3411
DDX20	435
DDX21	1425
DDX23	3309
DDX24	3814
DDX25	1
DDX26B	37
DDX27	1690
DDX28	568
DDX31	317
DDX39	1978
DDX3X	6539
DDX3Y	677
DDX41	2796
DDX42	3261
DDX43	2
DDX46	1616
DDX47	1212
DDX49	2035
DDX4	0
DDX50	894
DDX51	741
DDX52	781
DDX53	0
DDX54	3444.31
DDX55	619
DDX56	2839
DDX58	654
DDX59	708
DDX5	13702
DDX60L	412
DDX60	652
DDX6	2849
DEAF1	741
DEC1	0
DECR1	7794
DECR2	4191
DEDD2	993
DEDD	1681.45
DEF6	185
DEF8	1132
DEFA1B	1
DEFA4	0
DEFA5	0
DEFA6	0
DEFB103B	0
DEFB104A	0
DEFB105A	0
DEFB106A	0
DEFB107A	0
DEFB108B	0
DEFB109P1B	0
DEFB109P1	0
DEFB110	0
DEFB112	0
DEFB113	0
DEFB114	0
DEFB115	0
DEFB116	0
DEFB118	0
DEFB119	0
DEFB121	0
DEFB122	0
DEFB123	0
DEFB124	0
DEFB125	0
DEFB126	0
DEFB127	0
DEFB128	0
DEFB129	0
DEFB130	0
DEFB131	0
DEFB132	10
DEFB134	0
DEFB135	0
DEFB136	0
DEFB1	1695
DEFB4A	0
DEGS1	1711
DEGS2	14
DEK	3138
DEM1	240
DENND1A	1374
DENND1B	59
DENND1C	346
DENND2A	151
DENND2C	87.68
DENND2D	391
DENND3	247
DENND4A	732
DENND4B	1512.92
DENND4C	916
DENND5A	1449
DENND5B	959
DENR	1764
DEPDC1B	128
DEPDC1	142
DEPDC4	12
DEPDC5	643
DEPDC6	1011
DEPDC7	813
DERA	1669
DERL1	4577
DERL2	1217
DERL3	223
DES	13
DET1	184
DEXI	1669
DFFA	586
DFFB	104
DFNA5	262
DFNB31	285
DFNB59	29
DGAT1	3021.57
DGAT2L6	0
DGAT2	6201
DGCR10	2
DGCR11	57
DGCR14	659
DGCR2	4133
DGCR5	146
DGCR6L	2492
DGCR6	1217
DGCR8	936
DGCR9	11
DGKA	165
DGKB	3
DGKD	668
DGKE	139
DGKG	59
DGKH	52
DGKI	2
DGKK	0
DGKQ	683
DGKZ	875
DGUOK	1098
DHCR24	53380
DHCR7	7436
DHDDS	1027
DHDH	5
DHDPSL	664.38
DHFRL1	286
DHFR	663
DHH	6
DHODH	1046
DHPS	1869
DHRS11	525
DHRS12	519
DHRS13	453.62
DHRS1	1985
DHRS2	336
DHRS3	10641
DHRS4L1	70
DHRS4L2	1347.53
DHRS4	2903.6
DHRS7B	944
DHRS7C	0
DHRS7	4292
DHRS9	37
DHRSX	1334
DHTKD1	5690
DHX15	2370
DHX16	1748
DHX29	1340
DHX30	2945
DHX32	625.21
DHX33	242
DHX34	933
DHX35	427
DHX36	882
DHX37	853
DHX38	1799
DHX40P1	0
DHX40	866
DHX57	592
DHX58	636
DHX8	1248
DHX9	4271
DIABLO	1669.08
DIAPH1	8402
DIAPH2	424
DIAPH3	69
DICER1	1422
DIDO1	1974
DIMT1L	460
DIO1	3538
DIO2	14
DIO3OS	2
DIO3	4
DIP2A	616
DIP2B	1504
DIP2C	872
DIRAS1	7
DIRAS2	7
DIRAS3	18
DIRC1	0
DIRC2	400.87
DIRC3	3
DIS3L2	778
DIS3L	892
DIS3	984.77
DISC1	87
DISC2	0
DISP1	492
DISP2	52
DIXDC1	326
DKC1	1581
DKFZP434H168	0
DKFZP434K028	0
DKFZP434L187	0
DKFZP586I1420	328
DKFZP686I15217	36
DKFZp434J0226	0
DKFZp434L192	0
DKFZp566F0947	0
DKFZp686A1627	0
DKFZp686O24166	11
DKFZp761E198	631
DKFZp779M0652	87
DKK1	15
DKK2	18
DKK3	625
DKK4	3
DKKL1	3
DLAT	1239
DLC1	1170
DLD	3318
DLEC1	6
DLEU1	135
DLEU2L	2
DLEU2	46.03
DLEU7	1
DLG1	1541
DLG2	23
DLG3	130
DLG4	142.06
DLG5	925
DLGAP1	1
DLGAP2	1
DLGAP3	10
DLGAP4	2363
DLGAP5	170
DLK1	2
DLK2	6
DLL1	126
DLL3	0
DLL4	526
DLST	4338
DLX1	1
DLX2	0
DLX3	0
DLX4	3
DLX5	2
DLX6AS	0
DLX6	0
DMAP1	1213
DMBT1	2
DMBX1	1
DMC1	4
DMD	1159
DMGDH	2654
DMKN	14
DMP1	0
DMPK	433
DMRT1	0
DMRT2	0
DMRT3	0
DMRTA1	244
DMRTA2	0
DMRTB1	0
DMRTC1B	0
DMRTC1	0
DMRTC2	0
DMTF1	736.8
DMWD	586
DMXL1	798
DMXL2	593
DNA2	114
DNAH10	10
DNAH11	17.7
DNAH12	3
DNAH14	164
DNAH17	25
DNAH1	440
DNAH2	7
DNAH3	1
DNAH5	60
DNAH6	33
DNAH7	3
DNAH8	2
DNAH9	1
DNAI1	2
DNAI2	0
DNAJA1	6526
DNAJA2	2392
DNAJA3	3084
DNAJA4	98
DNAJB11	4380
DNAJB12	2093
DNAJB13	1
DNAJB14	199
DNAJB1	4342
DNAJB2	3674
DNAJB3	3
DNAJB4	418
DNAJB5	234
DNAJB6	1899
DNAJB7	2.14
DNAJB8	0
DNAJB9	3179
DNAJC10	1678
DNAJC11	1688.23
DNAJC12	333
DNAJC13	1279
DNAJC14	1623.52
DNAJC15	1020
DNAJC16	929
DNAJC17	541
DNAJC18	53
DNAJC19	1180
DNAJC1	1798
DNAJC21	1810
DNAJC22	786
DNAJC24	362.11
DNAJC25-GNG10	0
DNAJC25	736.89
DNAJC27	93
DNAJC28	49
DNAJC2	1075.27
DNAJC30	817
DNAJC3	4407
DNAJC4	1281.65
DNAJC5B	7
DNAJC5G	0
DNAJC5	2463
DNAJC6	130
DNAJC7	2711.22
DNAJC8	2606
DNAJC9	857.7
DNAL1	183
DNAL4	416
DNALI1	418
DNASE1L1	560.45
DNASE1L2	13
DNASE1L3	330
DNASE1	37
DNASE2B	3
DNASE2	2628
DND1	127.83
DNER	1
DNHD1	238
DNLZ	278
DNM1L	1405
DNM1P35	26
DNM1	91
DNM2	4388.01
DNM3	42
DNMBP	811.79
DNMT1	1349
DNMT3A	701
DNMT3B	80
DNMT3L	17
DNPEP	2868
DNTTIP1	813
DNTTIP2	1714
DNTT	0
DOC2A	4.21
DOC2B	3
DOCK10	151
DOCK11	125
DOCK1	1208
DOCK2	175
DOCK3	9
DOCK4	787
DOCK5	275
DOCK6	1267
DOCK7	803
DOCK8	266
DOCK9	800
DOHH	574
DOK1	145
DOK2	196
DOK3	119
DOK4	1677
DOK5	24
DOK6	13
DOK7	47
DOLK	955
DOLPP1	1070
DOM3Z	805.76
DONSON	458.59
DOPEY1	541.67
DOPEY2	931
DOT1L	1254
DPAGT1	1943.04
DPCD	217.45
DPCR1	0
DPEP1	9
DPEP2	44
DPEP3	1
DPF1	1
DPF2	997
DPF3	22
DPH1	899.43
DPH2	829
DPH3B	15
DPH3	1277
DPH5	682.08
DPM1	1001
DPM2	1590
DPM3	1398
DPP10	0
DPP3	1677
DPP4	3175
DPP6	1
DPP7	3671
DPP8	229
DPP9	3518
DPPA2	0
DPPA3	0
DPPA4	1
DPPA5	0
DPRXP4	1
DPRX	0
DPT	42
DPY19L1	1076
DPY19L2P1	0
DPY19L2P2	7
DPY19L2P4	0
DPY19L2	4
DPY19L3	183
DPY19L4	1209
DPY30	1289
DPYD	1642
DPYSL2	1341
DPYSL3	388
DPYSL4	8
DPYSL5	0
DPYS	7850
DQX1	2
DR1	1041
DRAM1	542
DRAM2	1237
DRAP1	2990
DRD1	5
DRD2	0
DRD3	0
DRD4	14
DRD5	0
DRG1	1951
DRG2	1317
DRGX	0
DRP2	1
DSC1	0
DSC2	419
DSC3	1
DSCAML1	3
DSCAM	1
DSCC1	142
DSCR10	0
DSCR3	1570
DSCR4	0
DSCR6	8
DSCR8	0
DSCR9	3
DSEL	213
DSE	339.06
DSG1	132
DSG2	1173.9
DSG3	0
DSG4	0
DSN1	641
DSPP	0
DSP	8854
DSTN	5803
DSTYK	455
DST	5036
DTD1	547
DTHD1	1
DTL	340
DTNA	548
DTNBP1	368
DTNB	342
DTWD1	363
DTWD2	269
DTX1	366
DTX2	619
DTX3L	3475
DTX3	175
DTX4	948
DTYMK	963
DULLARD	1752
DUOX1	40
DUOX2	22
DUOXA1	1
DUOXA2	6
DUPD1	0
DUS1L	5446
DUS2L	392
DUS3L	870
DUS4L	244.48
DUSP10	1174
DUSP11	519
DUSP12	414
DUSP13	1
DUSP14	487
DUSP15	6
DUSP16	2937
DUSP18	60
DUSP19	79
DUSP1	6982
DUSP21	0
DUSP22	1169
DUSP23	3296
DUSP26	5
DUSP27	1
DUSP28	123
DUSP2	90
DUSP3	5874
DUSP4	45
DUSP5P	3
DUSP5	470
DUSP6	2703
DUSP7	509
DUSP8	454
DUSP9	189
DUT	1547.49
DUX4	0
DUXA	0
DVL1	2441
DVL2	752
DVL3	2604
DVWA	0
DYDC1	1
DYDC2	30
DYM	746
DYNC1H1	7406
DYNC1I1	22
DYNC1I2	1247
DYNC1LI1	958
DYNC1LI2	1675
DYNC2H1	32
DYNC2LI1	330
DYNLL1	5972
DYNLL2	2078
DYNLRB1	3470
DYNLRB2	2
DYNLT1	1361
DYNLT3	1299
DYRK1A	1524
DYRK1B	488
DYRK2	443
DYRK3	129
DYRK4	324
DYSFIP1	2
DYSF	1728
DYTN	0
DYX1C1	5
DZIP1L	21
DZIP1	58.91
DZIP3	371
E2F1	606
E2F2	86
E2F3	510
E2F4	1287
E2F5	115.39
E2F6	409
E2F7	39
E2F8	96
E4F1	895
EAF1	1285
EAF2	60
EAPP	1228
EARS2	1217
EBAG9	1212
EBF1	100
EBF2	4
EBF3	23
EBF4	169
EBI3	66
EBNA1BP2	1944
EBPL	2013
EBP	8287
ECD	927
ECE1	4473
ECE2	634
ECEL1	2
ECH1	14764
ECHDC1	2010
ECHDC2	5010
ECHDC3	2894
ECHS1	20342
ECM1	214
ECM2	692
ECSCR	98
ECSIT	2126
ECT2L	5
ECT2	402
EDA2R	30
EDARADD	61
EDAR	18
EDA	100
EDC3	957
EDC4	1789.2
EDDM3A	0
EDDM3B	0
EDEM1	2929
EDEM2	1881
EDEM3	2229
EDF1	10832
EDIL3	24
EDN1	68
EDN2	6
EDN3	0
EDNRA	111
EDNRB	746
EEA1	912
EED	463
EEF1A1P9	7925
EEF1A1	89671
EEF1A2	540
EEF1B2	6571
EEF1DP3	2
EEF1D	17533
EEF1E1	405
EEF1G	21152
EEF2K	1067
EEF2	67087
EEFSEC	1198.85
EEPD1	1016
EFCAB10	4.74
EFCAB1	3
EFCAB2	298
EFCAB3	0
EFCAB4A	120
EFCAB4B	17
EFCAB5	1
EFCAB6	8
EFCAB7	71
EFEMP1	512
EFEMP2	392
EFHA1	1018
EFHA2	123
EFHB	2
EFHC1	154
EFHC2	1
EFHD1	333
EFHD2	2247
EFNA1	12024
EFNA2	31
EFNA3	111
EFNA4	401
EFNA5	12
EFNB1	925
EFNB2	514
EFNB3	14
EFR3A	3134
EFR3B	21
EFS	24
EFTUD1	689
EFTUD2	2972
EGFL6	4
EGFL7	1449
EGFL8	184.52
EGFLAM	124
EGFR	1242.96
EGF	2
EGLN1	3947
EGLN2	3229
EGLN3	164
EGOT	3
EGR1	2816
EGR2	66
EGR3	27
EGR4	1
EHBP1L1	1144
EHBP1	2087.94
EHD1	1728
EHD2	1262
EHD3	157
EHD4	1661
EHF	124
EHHADH	7329
EHMT1	1422
EHMT2	2205
EI24	6058
EID1	3855
EID2B	40
EID2	409
EID3	17
EIF1AD	781
EIF1AX	2381
EIF1AY	469
EIF1B	1301
EIF1	21124
EIF2AK1	7727.01
EIF2AK2	382
EIF2AK3	694
EIF2AK4	1707
EIF2A	2731
EIF2B1	1796
EIF2B2	890
EIF2B3	945
EIF2B4	1449
EIF2B5	1788
EIF2C1	851
EIF2C2	276
EIF2C3	95
EIF2C4	262
EIF2S1	1935
EIF2S2	2939
EIF2S3	6242
EIF3A	7875
EIF3B	7811
EIF3CL	16333.66
EIF3C	180.46
EIF3D	5983
EIF3E	8619
EIF3F	4022
EIF3G	5244
EIF3H	6178
EIF3IP1	1
EIF3I	6106.1
EIF3J	2212
EIF3K	5932
EIF3L	8555
EIF3M	4045.69
EIF4A1	12336.34
EIF4A2	9195
EIF4A3	2380
EIF4B	9801.36
EIF4E1B	0
EIF4E2	2889
EIF4E3	300
EIF4EBP1	1226
EIF4EBP2	8837
EIF4EBP3	930.99
EIF4ENIF1	667
EIF4E	484
EIF4G1	17351
EIF4G2	18227
EIF4G3	1665
EIF4H	6794
EIF5A2	186
EIF5AL1	2134
EIF5A	10377
EIF5B	3609
EIF5	7493
EIF6	7662
ELAC1	232
ELAC2	2262
ELANE	1
ELAVL1	2447
ELAVL2	2
ELAVL3	1
ELAVL4	0
ELF1	1026
ELF2	653
ELF3	3767
ELF4	146
ELF5	2
ELFN1	309
ELFN2	138
ELK1	1234
ELK3	190
ELK4	219.98
ELL2	4404
ELL3	232.71
ELL	721
ELMO1	1318
ELMO2	863
ELMO3	288
ELMOD1	1
ELMOD2	287
ELMOD3	560
ELN	509
ELOF1	1564
ELOVL1	2203
ELOVL2	3155
ELOVL3	3
ELOVL4	7
ELOVL5	4629
ELOVL6	1212
ELOVL7	138
ELP2P	8
ELP2	1764
ELP3	1030
ELP4	315
ELSPBP1	0
ELTD1	487
EMB	142
EMCN	355
EMD	1998
EME1	76.94
EME2	15
EMG1	915
EMID1	243
EMID2	74
EMILIN1	686
EMILIN2	187
EMILIN3	11.09
EML1	157
EML2	743
EML3	1330
EML4	4106
EML5	57
EML6	56
EMP1	702
EMP2	3226
EMP3	355
EMR1	9
EMR2	68
EMR3	1
EMR4P	4
EMX1	13
EMX2OS	0
EMX2	0
EN1	0
EN2	1
ENAH	2759
ENAM	36
ENC1	900.18
ENDOD1	352
ENDOG	836.55
ENDOU	1
ENGASE	837
ENG	3079
ENHO	302
ENKUR	5
ENO1	30793
ENO2	84
ENO3	363
ENOPH1	1004
ENOSF1	1428.41
ENOX1	9
ENOX2	383
ENPEP	1422
ENPP1	2506
ENPP2	1841
ENPP3	50
ENPP4	687
ENPP5	17
ENPP6	4
ENPP7	471
ENSA	6929
ENTHD1	0
ENTPD1	880
ENTPD2	98
ENTPD3	1
ENTPD4	283
ENTPD5	1787.09
ENTPD6	3222
ENTPD7	446.68
ENTPD8	309
ENY2	1856
EOMES	13
EP300	2010
EP400NL	167
EP400	1278
EPAS1	8227
EPB41L1	613
EPB41L2	1034
EPB41L3	131
EPB41L4A	162
EPB41L4B	1785
EPB41L5	1050
EPB41	2240.39
EPB42	0
EPB49	941
EPC1	431
EPC2	448
EPCAM	51
EPDR1	775
EPGN	0
EPHA10	6
EPHA1	1035
EPHA2	785
EPHA3	86
EPHA4	55
EPHA5	0
EPHA6	0
EPHA7	0
EPHA8	0
EPHB1	15
EPHB2	125
EPHB3	33
EPHB4	3348
EPHB6	72
EPHX1	99720
EPHX2	3425
EPHX3	5
EPHX4	5
EPM2AIP1	949
EPM2A	185
EPN1	7568
EPN2	671
EPN3	2
EPOR	185
EPO	10
EPPK1	184
EPR1	418.91
EPRS	4030
EPS15L1	773
EPS15	1775
EPS8L1	18
EPS8L2	4652
EPS8L3	347
EPS8	1716
EPSTI1	198
EPT1	2097
EPX	0
EPYC	0
ERAL1	2218
ERAP1	2367.62
ERAP2	1250
ERAS	3
ERBB2IP	2814
ERBB2	3297
ERBB3	7291
ERBB4	0
ERC1	1111
ERC2	2
ERCC1	1407
ERCC2	884
ERCC3	1201
ERCC4	231
ERCC5	1793
ERCC6L	48
ERCC6	194.18
ERCC8	175
EREG	2
ERF	2434
ERGIC1	10170
ERGIC2	928
ERGIC3	7924
ERG	287
ERH	2591
ERI1	286
ERI2	561.7
ERI3	1681
ERICH1	244
ERLEC1	2401
ERLIN1	2492
ERLIN2	1964
ERMAP	512
ERMN	4
ERMP1	1129.09
ERN1	230
ERN2	0
ERO1LB	1247
ERO1L	1249
ERP27	14
ERP29	8879
ERP44	3653
ERRFI1	8923
ERVFRDE1	1
ESAM	945
ESCO1	602
ESCO2	59
ESD	3596
ESF1	699
ESM1	288
ESPL1	318
ESPNL	46
ESPNP	3
ESPN	2884
ESR1	101
ESR2	4
ESRP1	3
ESRP2	2202
ESRRA	3401
ESRRB	1
ESRRG	7
ESX1	0
ESYT1	5829
ESYT2	2643
ESYT3	13
ETAA1	401
ETF1	3369
ETFA	6729
ETFB	14739
ETFDH	1814
ETHE1	987
ETNK1	1773
ETNK2	4757
ETS1	1552
ETS2	6171
ETV1	218
ETV2	47
ETV3L	2
ETV3	97
ETV4	348
ETV5	472
ETV6	769
ETV7	93
EVC2	31
EVC	255.3
EVI2A	113
EVI2B	177
EVI5L	475
EVI5	707
EVL	1546
EVPLL	15
EVPL	12
EVX1	0
EVX2	0
EWSR1	6370
EXD1	0
EXD2	420
EXD3	314
EXO1	145
EXOC1	570
EXOC2	1082
EXOC3L2	193
EXOC3L	166
EXOC3	1860
EXOC4	1762
EXOC5	1171
EXOC6B	56
EXOC6	787
EXOC7	4586
EXOC8	634
EXOG	163
EXOSC10	1568
EXOSC1	701
EXOSC2	619
EXOSC3	461
EXOSC4	1359
EXOSC5	943
EXOSC6	398
EXOSC7	897
EXOSC8	436.94
EXOSC9	654.43
EXPH5	104
EXT1	3729
EXT2	2038
EXTL1	3
EXTL2	372
EXTL3	1076
EYA1	0
EYA2	11
EYA3	59
EYA4	1
EYS	30
EZH1	865
EZH2	371
EZR	2880
F10	8162
F11R	9863.25
F11	2607.93
F12	17485
F13A1	199
F13B	3578
F2RL1	438
F2RL2	26
F2RL3	99
F2R	711
F2	55632
F3	60
F5	21622
F7	6191
F8A1	373
F8	471
F9	5329
FA2H	4
FAAH2	260
FAAH	1039
FABP12	0
FABP1	30220
FABP2	0
FABP3	91
FABP4	168
FABP5L3	0
FABP5	69
FABP6	0
FABP7	0
FABP9	0
FADD	917
FADS1	3118
FADS2	5715
FADS3	837
FADS6	76
FAF1	1496
FAF2	2068
FAHD1	2558.83
FAHD2A	1435
FAHD2B	100
FAH	6906
FAIM2	4
FAIM3	83
FAIM	273
FAM100A	1050
FAM100B	1314
FAM101A	12
FAM101B	328
FAM102A	2050
FAM102B	277
FAM103A1	658
FAM104A	904.97
FAM104B	294
FAM105A	87
FAM105B	1155
FAM106A	0
FAM106C	0
FAM107A	222
FAM107B	4074
FAM108A1	780
FAM108B1	555
FAM108C1	326
FAM109A	765
FAM109B	87
FAM10A4	626
FAM110A	227
FAM110B	322
FAM110C	45
FAM111A	883
FAM111B	234
FAM113A	1121
FAM113B	152
FAM114A1	862
FAM114A2	646
FAM115A	345
FAM115C	146.98
FAM116A	569
FAM116B	131
FAM117A	493
FAM117B	199
FAM118A	409
FAM118B	285
FAM119A	437
FAM119B	283
FAM120AOS	1068.31
FAM120A	5997.69
FAM120B	615
FAM120C	302
FAM122A	504
FAM122B	655
FAM122C	35
FAM123A	0
FAM123B	267
FAM123C	0
FAM124A	15
FAM124B	48
FAM125A	1022
FAM125B	556
FAM126A	392
FAM126B	426
FAM127A	2008
FAM127B	947
FAM127C	100
FAM128A	1145
FAM128B	3322
FAM129A	246
FAM129B	1874
FAM129C	4
FAM131A	353
FAM131B	12
FAM131C	3
FAM132A	5
FAM133A	4
FAM133B	112
FAM134A	5475
FAM134B	221
FAM134C	3824
FAM135A	250
FAM135B	9
FAM136A	1539
FAM136B	0
FAM138B	0
FAM138D	0
FAM138E	0
FAM138F	0
FAM13AOS	28.61
FAM13A	491.54
FAM13B	479.62
FAM13C	61.33
FAM149A	551
FAM149B1	750
FAM150A	0
FAM150B	2
FAM151A	32.08
FAM151B	18
FAM153A	2
FAM153B	0
FAM153C	0
FAM154A	1
FAM154B	7
FAM155A	8
FAM155B	31
FAM156A	636
FAM157A	4
FAM157B	0
FAM158A	390
FAM159A	6
FAM160A1	8
FAM160A2	1268
FAM160B1	1179
FAM160B2	930
FAM161A	80
FAM161B	57
FAM162A	3102
FAM162B	22
FAM163A	4
FAM163B	1
FAM164A	64
FAM164C	118
FAM165B	566
FAM166A	3
FAM166B	6
FAM167A	11
FAM167B	182
FAM168A	146
FAM168B	3481
FAM169A	320
FAM169B	2
FAM170A	1
FAM170B	0
FAM171A1	1175
FAM171A2	20
FAM171B	42
FAM172A	387
FAM173A	439
FAM173B	408
FAM174A	583
FAM174B	255
FAM175A	172.33
FAM175B	646
FAM176A	1826
FAM176B	231.12
FAM177A1	1365
FAM177B	1
FAM178A	794
FAM178B	1
FAM179A	8
FAM179B	308
FAM180A	14
FAM180B	1
FAM181A	0
FAM181B	1
FAM182A	0
FAM182B	15
FAM183A	0
FAM183B	1
FAM184A	200
FAM184B	0
FAM185A	189
FAM186A	8
FAM186B	23
FAM187B	0
FAM188A	384
FAM188B	161
FAM189A1	3
FAM189A2	10
FAM189B	1264
FAM18A	15.09
FAM18B2	273.16
FAM18B	693
FAM190A	2
FAM190B	1010
FAM192A	1609
FAM193A	896
FAM193B	994
FAM194A	1
FAM194B	0
FAM195A	2210
FAM195B	2965
FAM196A	1
FAM196B	0
FAM197Y2	0
FAM198A	41
FAM198B	572
FAM199X	541
FAM19A1	1
FAM19A2	7
FAM19A3	0
FAM19A4	0
FAM19A5	23
FAM200A	202
FAM200B	568
FAM20A	2929
FAM20B	2374
FAM20C	3630
FAM21A	516
FAM21B	1011
FAM21C	2062
FAM22A	62
FAM22D	86
FAM22F	3
FAM22G	2
FAM23A	8
FAM24A	0
FAM24B	18
FAM25A	0
FAM25B	0
FAM26D	0
FAM26E	51
FAM26F	91
FAM27A	4
FAM27B	0
FAM27C	7
FAM27L	0
FAM32A	3041
FAM35A	1248
FAM35B2	160
FAM35B	572
FAM36A	1712.42
FAM38A	2925.56
FAM38B	587
FAM3A	2412
FAM3B	104
FAM3C	1371
FAM3D	1
FAM40A	682
FAM40B	40
FAM41AY1	0
FAM41C	15
FAM43A	266
FAM43B	9
FAM45A	813
FAM45B	275
FAM46A	882
FAM46B	13
FAM46C	339
FAM46D	0
FAM47A	0
FAM47B	0
FAM47C	0
FAM47E	109
FAM48A	558.73
FAM48B1	0
FAM48B2	0
FAM49A	66
FAM49B	1202
FAM50A	3175
FAM50B	552
FAM53A	69
FAM53B	690.04
FAM53C	1067
FAM54A	41
FAM54B	1881.68
FAM55A	0
FAM55B	0
FAM55C	94
FAM55D	0
FAM57A	126
FAM57B	3.16
FAM58A	564
FAM58B	0
FAM59A	111
FAM5B	1
FAM5C	0
FAM60A	432
FAM63A	992
FAM63B	69
FAM64A	25
FAM65A	1429
FAM65B	68
FAM65C	30
FAM66A	0
FAM66C	4
FAM66D	7
FAM66E	0
FAM69A	646
FAM69B	637.06
FAM69C	4
FAM70A	18
FAM70B	63
FAM71A	0
FAM71B	0
FAM71C	0
FAM71D	36
FAM71E1	69.37
FAM71E2	0
FAM71F1	0
FAM71F2	5
FAM72A	18
FAM72B	113
FAM72D	58
FAM73A	421
FAM73B	743
FAM74A1	0
FAM74A3	0
FAM74A4	0
FAM75A2	0
FAM75A3	0
FAM75A5	0
FAM75A6	0
FAM75C1	0
FAM76A	219
FAM76B	392
FAM78A	162
FAM78B	50
FAM7A2	0
FAM7A3	1
FAM81A	17
FAM81B	0
FAM82A1	347
FAM82A2	2134
FAM82B	1859
FAM83A	4
FAM83B	0
FAM83C	2
FAM83D	471
FAM83E	1
FAM83F	2
FAM83G	344
FAM83H	3823
FAM84A	46
FAM84B	1109
FAM86A	703.97
FAM86B1	25
FAM86B2	1
FAM86C	206
FAM86D	119
FAM89A	288
FAM89B	1163
FAM8A1	3937
FAM90A1	4
FAM90A7	0
FAM91A1	2212
FAM92A1	178
FAM92A3	0
FAM92B	0
FAM95B1	19
FAM96A	3292
FAM96B	2168
FAM98A	1333
FAM98B	243
FAM98C	546
FAM99A	60
FAM99B	4
FAM9A	0
FAM9B	4
FAM9C	0
FANCA	447.87
FANCB	11
FANCC	512
FANCD2	222
FANCE	124
FANCF	518
FANCG	331
FANCI	509.04
FANCL	366.91
FANCM	105
FANK1	2
FAP	57
FAR1	190
FAR2	26
FARP1	3701
FARP2	363
FARS2	541
FARSA	2212
FARSB	1355
FASLG	12
FASN	23584
FASTKD1	470
FASTKD2	1297
FASTKD3	341
FASTKD5	730
FASTK	3830
FAS	456
FAT1	4584
FAT2	5
FAT3	7
FAT4	189
FATE1	9
FAU	14218
FBF1	121.65
FBLIM1	770
FBLL1	15
FBLN1	940
FBLN2	409
FBLN5	669
FBLN7	465
FBL	3692
FBN1	723
FBN2	6
FBN3	11
FBP1	6634
FBP2	0
FBRSL1	983
FBRS	1755
FBXL12	537
FBXL13	2
FBXL14	617
FBXL15	616
FBXL16	26
FBXL17	819
FBXL18	595
FBXL19	333
FBXL20	186
FBXL21	8.09
FBXL22	14.76
FBXL2	10
FBXL3	945
FBXL4	461
FBXL5	3134
FBXL6	1077.8
FBXL7	173
FBXL8	115.43
FBXO10	370.19
FBXO11	1534
FBXO15	7
FBXO16	29
FBXO17	1618
FBXO18	2009
FBXO21	963
FBXO22OS	186.19
FBXO22	938.41
FBXO24	26
FBXO25	1075
FBXO27	376
FBXO28	1168
FBXO2	929
FBXO30	360
FBXO31	1747
FBXO32	174
FBXO33	394
FBXO34	568
FBXO36	72
FBXO38	1199
FBXO39	6
FBXO3	978
FBXO40	1
FBXO41	39
FBXO42	571
FBXO43	38
FBXO44	991
FBXO45	642
FBXO46	639
FBXO47	0
FBXO48	40
FBXO4	372
FBXO5	120
FBXO6	785
FBXO7	4713
FBXO8	829.88
FBXO9	1748
FBXW10	7
FBXW11	1649
FBXW12	0
FBXW2	2111
FBXW4	1874
FBXW5	6228
FBXW7	424
FBXW8	440
FBXW9	259.04
FCAMR	60
FCAR	1
FCER1A	15
FCER1G	477
FCER2	4
FCF1	848
FCGBP	212
FCGR1A	38
FCGR1B	44
FCGR1C	14
FCGR2A	517
FCGR2B	77
FCGR2C	28
FCGR3A	899
FCGR3B	16
FCGRT	10732
FCHO1	27
FCHO2	887
FCHSD1	131.03
FCHSD2	765.56
FCN1	57
FCN2	7
FCN3	85
FCRL1	1
FCRL2	1
FCRL3	5
FCRL4	0
FCRL5	5
FCRL6	14
FCRLA	8
FCRLB	21
FDFT1	3931
FDPSL2A	4
FDPS	11141.76
FDX1L	508
FDX1	1967
FDXACB1	115.13
FDXR	1061
FECH	1308
FEM1A	1453
FEM1B	1776
FEM1C	1097
FEN1	1171
FER1L4	22
FER1L5	1
FER1L6	1
FERD3L	0
FERMT1	87
FERMT2	2146
FERMT3	465
FER	42
FES	680
FETUB	2007
FEV	0
FEZ1	125
FEZ2	941
FEZF1	0
FEZF2	0
FFAR1	0
FFAR2	8
FFAR3	3
FGA	379702
FGB	221961
FGD1	208
FGD2	117
FGD3	126
FGD4	698
FGD5	385
FGD6	406
FGF10	0
FGF11	26
FGF12	31
FGF13	121
FGF14	80
FGF16	0
FGF17	3
FGF18	3
FGF19	9
FGF1	24
FGF20	0
FGF21	594
FGF22	0
FGF23	0
FGF2	75.46
FGF3	0
FGF4	0
FGF5	0
FGF6	0
FGF7	34
FGF8	0
FGF9	0
FGFBP1	0
FGFBP2	13
FGFBP3	36
FGFR1OP2	531
FGFR1OP	381.84
FGFR1	288
FGFR2	1448
FGFR3	2068
FGFR4	7506
FGFRL1	2322
FGGY	1897
FGG	201464
FGL1	37600
FGL2	489
FGR	135
FHAD1	8
FHDC1	28
FHIT	176
FHL1	555
FHL2	297
FHL3	464
FHL5	8
FHOD1	321
FHOD3	26
FH	8828
FIBCD1	2
FIBIN	47
FIBP	1644
FICD	115
FIG4	381
FIGF	27
FIGLA	0
FIGNL1	263
FIGNL2	135
FIGN	58
FILIP1L	437
FILIP1	60
FIP1L1	846.22
FIS1	5014.54
FITM1	47
FITM2	115
FIZ1	489
FJX1	102
FKBP10	479
FKBP11	2205
FKBP14	107
FKBP15	1147.59
FKBP1AP1	15
FKBP1A	5751.03
FKBP1B	128
FKBP2	3887
FKBP3	2256
FKBP4	5115
FKBP5	4651
FKBP6	1
FKBP7	217
FKBP8	10448
FKBP9L	27
FKBP9	2109
FKBPL	288
FKRP	387
FKSG29	0
FKSG73	0
FKSG83	0
FKTN	442
FLAD1	2186
FLCN	1117
FLG2	0
FLG	3
FLI1	322
FLII	3473
FLJ10038	345.27
FLJ10213	8
FLJ10357	3018
FLJ10661	12
FLJ11235	12
FLJ12825	3
FLJ13197	19
FLJ13224	1
FLJ14107	0
FLJ16779	0
FLJ22536	2
FLJ23867	73
FLJ25328	0
FLJ25363	0
FLJ25758	0
FLJ26850	2
FLJ30679	0
FLJ32063	0
FLJ33360	2
FLJ33630	382
FLJ34503	0
FLJ35024	1
FLJ35220	348
FLJ35390	42.92
FLJ35776	200
FLJ36000	0
FLJ36031	605
FLJ36777	11
FLJ37201	9
FLJ37307	7
FLJ37453	122
FLJ37543	1
FLJ39582	100.47
FLJ39609	0
FLJ39653	76
FLJ39739	3
FLJ40292	1
FLJ40330	4
FLJ40434	0
FLJ40504	0
FLJ40852	24
FLJ41941	0
FLJ42289	96
FLJ42393	0
FLJ42627	33
FLJ42709	63
FLJ42875	5
FLJ43390	0
FLJ43663	114
FLJ43859	0
FLJ43860	0
FLJ43950	0
FLJ44054	0
FLJ44082	0
FLJ44606	41
FLJ44635	26
FLJ45079	0
FLJ45244	64
FLJ45340	753
FLJ45445	18
FLJ45983	0
FLJ46111	3
FLJ46321	0
FLJ46361	0
FLJ90757	801
FLNA	5196
FLNB	8756.74
FLNC	97
FLOT1	6564
FLOT2	4838
FLRT1	12
FLRT2	54
FLRT3	298
FLT1	1255
FLT3LG	154
FLT3	6
FLT4	493
FLVCR1	205
FLVCR2	636
FLYWCH1	892
FLYWCH2	496
FMN1	2
FMN2	0
FMNL1	333.75
FMNL2	299
FMNL3	468.68
FMO1	25
FMO2	46
FMO3	10766
FMO4	743
FMO5	7703
FMO6P	0
FMO9P	0
FMOD	284
FMR1NB	0
FMR1	2185.98
FN1	168503
FN3KRP	1695
FN3K	3072
FNBP1L	1179
FNBP1	1581
FNBP4	1064
FNDC1	42
FNDC3A	2527
FNDC3B	2944
FNDC4	1435
FNDC5	236
FNDC7	0
FNDC8	7
FNIP1	1040
FNIP2	568
FNTA	1529
FNTB	707.58
FOLH1B	21
FOLH1	447
FOLR1	5
FOLR2	447
FOLR3	0
FOLR4	0
FOSB	255
FOSL1	30
FOSL2	909
FOS	1447
FOXA1	1438
FOXA2	1818
FOXA3	1827
FOXB1	0
FOXB2	0
FOXC1	85
FOXC2	4
FOXD1	1
FOXD2	80
FOXD3	0
FOXD4L1	4
FOXD4L2	1
FOXD4L3	0
FOXD4L5	0
FOXD4L6	1
FOXD4	8
FOXE1	0
FOXE3	1
FOXF1	49
FOXF2	9
FOXG1	0
FOXH1	6.07
FOXI1	0
FOXI2	1
FOXI3	0
FOXJ1	8
FOXJ2	565
FOXJ3	1028
FOXK1	816
FOXK2	1569
FOXL1	16
FOXL2	0
FOXM1	682.74
FOXN1	0
FOXN2	894
FOXN3	2793
FOXN4	17
FOXO1	871
FOXO3B	616
FOXO3	1417
FOXO4	625
FOXP1	1787
FOXP2	4
FOXP3	50.56
FOXP4	2809
FOXQ1	139
FOXR1	0
FOXR2	0
FOXRED1	1862
FOXRED2	1325
FOXS1	69
FPGS	2236
FPGT	517.42
FPR1	38
FPR2	3
FPR3	213
FRAS1	34
FRAT1	593
FRAT2	704
FREM1	3
FREM2	5
FRG1B	293
FRG1	891
FRG2B	0
FRG2C	0
FRG2	0
FRK	136
FRMD1	2
FRMD3	13
FRMD4A	775.02
FRMD4B	703
FRMD5	0
FRMD6	301
FRMD7	1
FRMD8	1175
FRMPD1	45
FRMPD2L1	0
FRMPD2	0
FRMPD4	0
FRRS1	418
FRS2	716
FRS3	171
FRYL	742
FRY	932
FRZB	247
FSCB	0
FSCN1	1046
FSCN2	1
FSCN3	1.06
FSD1L	28
FSD1	4
FSD2	0
FSHB	0
FSHR	0
FSIP1	4
FSTL1	1789
FSTL3	665
FSTL4	28
FSTL5	1
FST	1965
FTCD	9633
FTH1	81230.98
FTHL17	0
FTHL3	917
FTLP10	0
FTL	344034
FTMT	0
FTO	978
FTSJ1	781
FTSJ2	1033
FTSJ3	2224.11
FTSJD1	520
FTSJD2	2000
FUBP1	1085
FUBP3	1880
FUCA1	3163
FUCA2	3436
FUK	879
FUNDC1	305
FUNDC2P2	6
FUNDC2	1762
FURIN	17072
FUS	5548
FUT10	77
FUT11	105
FUT1	94
FUT2	27
FUT3	12
FUT4	179
FUT5	6
FUT6	289
FUT7	7
FUT8	106.36
FUT9	0
FUZ	217.77
FXC1	1110
FXN	531
FXR1	3042
FXR2	1232.99
FXYD1	875
FXYD2	61
FXYD3	10
FXYD4	0
FXYD5	890
FXYD6	693
FXYD7	2
FYB	189
FYCO1	1429
FYN	632
FYTTD1	1413
FZD10	5
FZD1	200
FZD2	27
FZD3	45
FZD4	1448.63
FZD5	2195
FZD6	384
FZD7	85
FZD8	114
FZD9	4
FZR1	1737
G0S2	1598
G2E3	281
G3BP1	2876
G3BP2	2566
G6PC2	0
G6PC3	877
G6PC	12774
G6PD	805
GAA	7322
GAB1	424
GAB2	649
GAB3	67
GAB4	0
GABARAPL1	2902
GABARAPL2	2220
GABARAPL3	2
GABARAP	9454
GABBR1	76
GABBR2	6
GABPA	912.96
GABPB1	525.03
GABPB2	121
GABRA1	0
GABRA2	0
GABRA3	0
GABRA4	0
GABRA5	0
GABRA6	0
GABRB1	0
GABRB2	1
GABRB3	5
GABRD	129
GABRE	383
GABRG1	1
GABRG2	0
GABRG3	0
GABRP	3
GABRQ	0
GABRR1	0
GABRR2	1
GABRR3	0
GAD1	3
GAD2	0
GADD45A	2238
GADD45B	3766
GADD45GIP1	2082
GADD45G	1718
GADL1	0
GAGE10	0
GAGE12D	0
GAGE12F	0
GAGE12J	0
GAGE13	0
GAGE1	0
GAGE2A	0
GAGE2B	0
GAGE2C	0
GAGE2D	0
GAGE2E	0
GAGE4	0
GAGE8	0
GAK	3227
GAL3ST1	171
GAL3ST2	2
GAL3ST3	0
GAL3ST4	67
GALC	401
GALE	2860
GALK1	4250
GALK2	980.52
GALM	2842
GALNS	502
GALNT10	494
GALNT11	1229
GALNT12	14
GALNT13	3
GALNT14	13
GALNT1	3124
GALNT2	7093
GALNT3	18
GALNT4	356
GALNT5	1
GALNT6	58
GALNT7	59
GALNT8	0
GALNT9	0
GALNTL1	46
GALNTL2	81
GALNTL4	570
GALNTL5	0
GALNTL6	0
GALP	2
GALR1	0
GALR2	3
GALR3	3
GALT	2907
GAL	0
GAMT	11528
GANAB	17173
GANC	405.04
GAN	27
GAP43	2
GAPDHS	1
GAPDH	91700
GAPT	8
GAPVD1	969
GAR1	470
GARNL3	60
GARS	3702
GART	1589
GAS1	30
GAS2L1	866
GAS2L2	0
GAS2L3	23
GAS2	487
GAS5	2355
GAS6	2136
GAS7	160
GAS8	615.1
GAST	0
GATA1	0
GATA2	75
GATA3	29
GATA4	1182
GATA5	2
GATA6	579
GATAD1	1352
GATAD2A	2159
GATAD2B	1154
GATC	57
GATM	33329
GATSL1	15
GATSL2	0
GATSL3	182
GATS	196.94
GBA2	1923.03
GBA3	549
GBAP1	1677
GBAS	665
GBA	4562
GBE1	2222
GBF1	2842
GBGT1	66
GBP1	1640
GBP2	3200.85
GBP3	752
GBP4	876
GBP5	165
GBP6	2
GBP7	726.32
GBX1	0
GBX2	0
GCAT	1537
GCA	369
GCC1	953
GCC2	734
GCDH	2068
GCET2	9
GCFC1	620
GCGR	335
GCG	0
GCH1	1265
GCHFR	1841
GCKR	1378
GCK	5
GCLC	3749
GCLM	1256
GCM1	1
GCM2	0
GCN1L1	3779
GCNT1	56
GCNT2	561
GCNT3	66
GCNT4	50
GCNT7	0
GCOM1	25.98
GCSH	116
GC	100580
GDAP1L1	1
GDAP1	175
GDAP2	419
GDA	1473
GDE1	1634
GDEP	0
GDF10	2
GDF11	80.28
GDF15	2213
GDF1	1
GDF2	0
GDF3	0
GDF5	1
GDF6	6
GDF7	11
GDF9	26
GDI1	3744
GDI2	8975
GDNF	1
GDPD1	33
GDPD2	0
GDPD3	22.33
GDPD4	4
GDPD5	307
GEFT	94.97
GEMIN4	517
GEMIN5	730
GEMIN6	448
GEMIN7	603
GEMIN8P4	71
GEMIN8	476
GEM	192
GEN1	372
GET4	2103.61
GFAP	7
GFER	990
GFI1B	0
GFI1	32
GFM1	2327
GFM2	1557
GFOD1	89
GFOD2	1192
GFPT1	3132
GFPT2	25
GFRA1	799
GFRA2	63
GFRA3	1
GFRA4	0
GFRAL	0
GGA1	1758
GGA2	2311
GGA3	1025
GGCT	1387
GGCX	5455
GGH	5882
GGNBP1	0
GGNBP2	2142
GGN	4
GGPS1	1015
GGT1	1637
GGT3P	66
GGT5	579
GGT6	3
GGT7	594
GGT8P	1
GGTA1	239
GGTLC1	17
GGTLC2	299
GH1	0
GH2	0
GHDC	1551
GHITM	8959
GHRHR	3
GHRH	0
GHRLOS	12
GHRL	5
GHR	1346
GHSR	0
GIF	0
GIGYF1	1899
GIGYF2	1429
GIMAP1	156
GIMAP2	257
GIMAP4	622
GIMAP5	593
GIMAP6	382
GIMAP7	303
GIMAP8	377
GIN1	167
GINS1	249
GINS2	286
GINS3	135
GINS4	123
GIPC1	3100
GIPC2	339
GIPC3	169
GIPR	3
GIP	0
GIT1	1173
GIT2	1289
GIYD2	1835.03
GJA10	0
GJA1	554
GJA3	2
GJA4	489
GJA5	306
GJA8	0
GJA9	5
GJB1	15345
GJB2	922
GJB3	8
GJB4	1
GJB5	3
GJB6	1
GJB7	0
GJC1	142
GJC2	19
GJC3	6
GJD2	0
GJD3	85.23
GJD4	0
GK2	0
GK3P	95
GK5	385
GKAP1	242
GKN1	0
GKN2	0
GK	1065
GLA	819
GLB1L2	8
GLB1L3	0
GLB1L	226
GLB1	3260
GLCCI1	254
GLCE	1232
GLDC	2600
GLDN	37
GLE1	1199
GLG1	4332
GLI1	25
GLI2	12
GLI3	26
GLI4	405.56
GLIPR1L1	0
GLIPR1L2	13
GLIPR1	284.15
GLIPR2	239
GLIS1	0
GLIS2	393
GLIS3	200
GLMN	129
GLO1	4888
GLOD4	1747
GLOD5	39
GLP1R	0
GLP2R	0
GLRA1	0
GLRA2	0
GLRA3	0
GLRA4	0
GLRB	19
GLRX2	414
GLRX3	1418
GLRX5	2992
GLRX	1882
GLS2	736
GLS	1108
GLT1D1	803
GLT25D1	3163
GLT25D2	13
GLT6D1	0
GLT8D1	2066.1
GLT8D2	36
GLTPD1	2037
GLTPD2	593.33
GLTP	958
GLTSCR1	465
GLTSCR2	8647
GLUD1	15157
GLUD2	1401
GLUL	30801
GLYATL1	2395
GLYATL2	0
GLYATL3	1
GLYAT	1553
GLYCAM1	0
GLYCTK	6626
GLYR1	3267
GM2A	2985
GMCL1L	5
GMCL1	319
GMDS	785
GMEB1	147
GMEB2	809
GMFB	1740
GMFG	405
GMIP	327
GML	0
GMNN	1356
GMPPA	2304
GMPPB	673
GMPR2	1989
GMPR	140
GMPS	1502
GNA11	534
GNA12	1658
GNA13	2119
GNA14	54
GNA15	86
GNAI1	1129
GNAI2	8594
GNAI3	2469
GNAL	49
GNAO1	105
GNAQ	1515
GNASAS	1
GNAS	23758
GNAT1	5
GNAT2	3
GNAT3	0
GNAZ	341
GNB1L	206.51
GNB1	8512
GNB2L1	31180
GNB2	6165
GNB3	4
GNB4	275
GNB5	1318
GNE	2661
GNG10	692
GNG11	785
GNG12	1923
GNG13	0
GNG2	226
GNG3	5
GNG4	18
GNG5	3322
GNG7	307
GNG8	0
GNGT1	0
GNGT2	24
GNL1	2077.3
GNL2	1857
GNL3L	567
GNL3	2335
GNLY	64
GNMT	1283
GNPAT	2998
GNPDA1	969
GNPDA2	157
GNPNAT1	2701
GNPTAB	795
GNPTG	3687.99
GNRH1	17
GNRH2	0
GNRHR2	537.49
GNRHR	1
GNS	7109
GOLGA1	888
GOLGA2B	435
GOLGA2P3	0
GOLGA2	2406
GOLGA3	2343
GOLGA4	3391
GOLGA5	2278
GOLGA6A	2
GOLGA6B	7
GOLGA6C	0
GOLGA6D	0
GOLGA6L10	106
GOLGA6L1	0
GOLGA6L5	28
GOLGA6L6	0
GOLGA6L9	162
GOLGA7B	25
GOLGA7	1382
GOLGA8A	812
GOLGA8B	846
GOLGA8C	1
GOLGA8DP	0
GOLGA8E	0
GOLGA8F	0
GOLGA8G	0
GOLGA9P	3
GOLGB1	3582
GOLIM4	1410
GOLM1	3006
GOLPH3L	972
GOLPH3	5566
GOLT1A	3558
GOLT1B	1497
GON4L	1088.41
GOPC	901
GORAB	408
GORASP1	1462
GORASP2	3759
GOSR1	1597
GOSR2	1827
GOT1L1	0
GOT1	10082
GOT2	9223
GP1BA	15.1
GP2	1
GP5	1
GP6	1
GP9	0
GPA33	1
GPAA1	8044
GPAM	6755
GPAT2	41
GPATCH1	392
GPATCH2	307
GPATCH3	663
GPATCH4	1418
GPATCH8	1059
GPBAR1	41
GPBP1L1	3740
GPBP1	2599
GPC1	2143
GPC2	6
GPC3	10593
GPC4	88
GPC5	16
GPC6	1409
GPCPD1	651
GPD1L	277
GPD1	1647
GPD2	463
GPER	653
GPHA2	0
GPHB5	0
GPHN	860
GPIHBP1	109
GPI	13544
GPKOW	1056
GPLD1	583
GPM6A	16
GPM6B	8
GPN1	995
GPN2	437
GPN3	815
GPNMB	1371
GPR101	0
GPR107	2369
GPR108	2429
GPR109A	18
GPR109B	16
GPR110	0
GPR111	0
GPR112	0
GPR113	5
GPR114	21
GPR115	0
GPR116	707
GPR119	0
GPR120	2
GPR123	0
GPR124	544
GPR125	1537
GPR126	1880
GPR128	61
GPR12	0
GPR132	40
GPR133	219
GPR135	13
GPR137B	539
GPR137C	51
GPR137	1194.07
GPR139	0
GPR141	2
GPR142	0
GPR143	44
GPR144	0
GPR146	372
GPR148	0
GPR149	0
GPR150	1
GPR151	0
GPR152	0
GPR153	221
GPR155	500
GPR156	0
GPR157	28
GPR158	100
GPR15	0
GPR160	95
GPR161	26
GPR162	72
GPR171	18
GPR172A	1015.7
GPR172B	2
GPR173	2
GPR174	3
GPR176	59
GPR179	1
GPR17	9
GPR180	298
GPR182	5
GPR183	102
GPR18	9
GPR19	14
GPR1	2
GPR20	2
GPR21	1
GPR22	0
GPR25	0
GPR26	0
GPR27	0
GPR31	0
GPR32	0
GPR34	89
GPR35	42.74
GPR37L1	10
GPR37	462
GPR39	284
GPR3	18
GPR44	47.09
GPR45	1
GPR4	249
GPR50	0
GPR52	0
GPR55	6
GPR56	537
GPR61	0
GPR62	6
GPR63	1
GPR64	34
GPR65	45
GPR68	36
GPR6	0
GPR75	26
GPR77	36
GPR78	0
GPR81	1
GPR82	3
GPR83	3
GPR84	5
GPR85	13
GPR87	0
GPR88	137
GPR89A	1637
GPR89B	28
GPR89C	159
GPR97	32
GPR98	442
GPRASP1	70
GPRASP2	334
GPRC5A	6
GPRC5B	409
GPRC5C	5341
GPRC5D	6
GPRC6A	0
GPRIN1	127
GPRIN2	2
GPRIN3	53
GPS1	5057
GPS2	1606
GPSM1	423
GPSM2	193.45
GPSM3	381
GPT2	5931
GPT	3107
GPX1	12159
GPX2	9071
GPX3	25163
GPX4	11624
GPX5	0
GPX6	0
GPX7	200
GPX8	125
GRAMD1A	1546
GRAMD1B	33
GRAMD1C	290
GRAMD2	1
GRAMD3	607
GRAMD4	1754
GRAP2	31
GRAPL	2
GRAP	196
GRASP	169
GRB10	2313
GRB14	1061
GRB2	4937
GRB7	434
GREB1L	91
GREB1	254
GREM1	66
GREM2	175
GRHL1	209
GRHL2	3
GRHL3	5
GRHPR	10557
GRIA1	0
GRIA2	0
GRIA3	23
GRIA4	0
GRID1	22
GRID2IP	1
GRID2	0
GRIK1	1
GRIK2	2
GRIK3	0
GRIK4	2
GRIK5	5
GRIN1	1
GRIN2A	4
GRIN2B	0
GRIN2C	15
GRIN2D	27
GRIN3A	29
GRIN3B	0
GRINA	17772
GRINL1A	861
GRIP1	3
GRIP2	2
GRIPAP1	1707
GRK1	0
GRK4	72
GRK5	494
GRK6	1122
GRK7	0
GRLF1	4732
GRM1	1
GRM2	6
GRM3	0
GRM4	0
GRM5	0
GRM6	1
GRM7	0
GRM8	4
GRN	13819
GRPEL1	1937
GRPEL2	570
GRPR	5
GRP	0
GRRP1	41
GRSF1	2198
GRTP1	1169
GRWD1	1553
GRXCR1	0
GRXCR2	0
GSC2	0
GSC	1
GSDMA	5
GSDMB	442
GSDMC	5
GSDMD	5804
GSG1L	0
GSG1	0
GSG2	25
GSK3A	2093
GSK3B	1514
GSN	6133
GSPT1	3458
GSPT2	197
GSR	1371
GSS	2382
GSTA1	24907
GSTA2	1881
GSTA3	0
GSTA4	890
GSTA5	0
GSTCD	171
GSTK1	10922
GSTM1	26
GSTM2P1	2
GSTM2	295
GSTM3	564
GSTM4	1419
GSTM5	9
GSTO1	10033
GSTO2	134
GSTP1	681
GSTT1	2533
GSTT2	127
GSTTP1	0
GSTTP2	0
GSTZ1	1084
GSX1	0
GSX2	0
GTDC1	303
GTF2A1L	1
GTF2A1	128
GTF2A2	1109
GTF2B	945
GTF2E1	369
GTF2E2	707
GTF2F1	2202
GTF2F2	545
GTF2H1	997
GTF2H2B	116
GTF2H2C	532
GTF2H2	179
GTF2H3	230
GTF2H4	937.62
GTF2H5	1268
GTF2IP1	8158
GTF2IRD1	483
GTF2IRD2B	145
GTF2IRD2P1	296
GTF2IRD2	451
GTF2I	2391
GTF3A	4128
GTF3C1	2296
GTF3C2	1244
GTF3C3	623
GTF3C4	236
GTF3C5	1799
GTF3C6	1348
GTPBP10	560
GTPBP1	1450
GTPBP2	1223
GTPBP3	589
GTPBP4	1416
GTPBP5	1417
GTPBP8	157
GTSE1	128
GTSF1L	0
GTSF1	2
GUCA1A	0
GUCA1B	38
GUCA1C	0
GUCA2A	1
GUCA2B	24
GUCY1A2	16
GUCY1A3	313
GUCY1B2	2
GUCY1B3	218
GUCY2C	6
GUCY2D	3
GUCY2E	1
GUCY2F	0
GUCY2GP	0
GUF1	915
GUK1	7788
GULP1	16
GUSBL1	31
GUSBL2	130
GUSBP1	123
GUSBP3	57
GUSB	6331
GVIN1	44
GXYLT1	856
GXYLT2	4
GYG1	752
GYG2	816
GYLTL1B	110
GYPA	0
GYPB	0
GYPC	514
GYPE	2
GYS1	660
GYS2	960
GZF1	496
GZMA	107
GZMB	37
GZMH	47
GZMK	63
GZMM	34
H19	4993
H1F0	13637
H1FNT	0
H1FOO	0
H1FX	3229
H2AFB1	3
H2AFJ	2434
H2AFV	4642
H2AFX	952
H2AFY2	346
H2AFY	4183.72
H2AFZ	3797
H2BFM	0
H2BFWT	0
H2BFXP	1
H3F3A	6760
H3F3B	13768
H3F3C	383
H6PD	8114
HAAO	4440
HABP2	13388.3
HABP4	644
HACE1	126
HACL1	1400
HADHA	12653
HADHB	8023
HADH	4259
HAGHL	25
HAGH	6090
HAL	2159
HAMP	122
HAND1	0
HAND2	22
HAO1	6686
HAO2	562
HAP1	4
HAPLN1	1
HAPLN2	1
HAPLN3	85
HAPLN4	77
HAR1A	3
HAR1B	1
HARBI1	108
HARS2	1178
HARS	2032
HAS1	2
HAS2AS	0
HAS2	7
HAS3	51
HAT1	1009
HAUS1	347
HAUS2	573
HAUS3	375
HAUS4	1464
HAUS5	537
HAUS6	413
HAUS7	467
HAUS8	193
HAVCR1	2
HAVCR2	191
HAX1	4426
HBA1	107
HBA2	478.63
HBBP1	0
HBB	335
HBD	0
HBE1	0
HBEGF	226
HBG1	1
HBG2	0
HBII-52-24	0
HBII-52-27	0
HBII-52-28	0
HBII-52-45	0
HBII-52-46	0
HBM	0
HBP1	2624.32
HBQ1	0
HBS1L	1418
HBXIP	2277
HBZ	0
HCCS	836
HCFC1R1	1125.32
HCFC1	2528
HCFC2	529
HCG11	41
HCG18	386
HCG22	0
HCG26	68
HCG27	25
HCG2P7	2.65
HCG4P6	8.28
HCG4	29
HCG9	0
HCK	260
HCLS1	752
HCN1	0
HCN2	14
HCN3	293.01
HCN4	1
HCP5	782
HCRTR1	0
HCRTR2	0
HCRT	0
HCST	185
HDAC10	1203.24
HDAC11	868
HDAC1	3038
HDAC2	1500
HDAC3	1710
HDAC4	355
HDAC5	2431
HDAC6	3012
HDAC7	1014
HDAC8	529
HDAC9	32
HDC	18
HDDC2	544
HDDC3	767
HDGFL1	0
HDGFRP2	2262
HDGFRP3	89
HDGF	16210
HDHD1A	519
HDHD2	1181
HDHD3	2907
HDLBP	23081
HDX	27
HEATR1	1202
HEATR2	1018
HEATR3	423
HEATR4	5
HEATR5A	623.04
HEATR5B	715
HEATR6	355
HEATR7A	1176
HEATR7B2	1
HEBP1	2492
HEBP2	2161
HECA	749
HECTD1	4007
HECTD2	173
HECTD3	1753
HECW1	4
HECW2	176
HEG1	1061
HELB	22
HELLS	85
HELQ	276
HELT	0
HELZ	1365
HEMGN	0
HEMK1	825
HEPACAM2	0
HEPACAM	10.37
HEPHL1	1
HEPH	121
HEPN1	5
HERC1	1473
HERC2P2	885
HERC2P4	3
HERC2	1522
HERC3	447
HERC4	1178
HERC5	257
HERC6	220
HERPUD1	4885
HERPUD2	1087
HES1	1440
HES2	8
HES3	0
HES4	66
HES5	4
HES6	277
HES7	0
HESRG	0
HESX1	15
HEXA	4668.27
HEXB	6208.12
HEXDC	813.07
HEXIM1	1522
HEXIM2	321.49
HEY1	214
HEY2	176
HEYL	418
HFE2	7728
HFE	420
HFM1	1
HGC6.3	0
HGD	10903
HGFAC	822
HGF	40
HGSNAT	2327
HGS	3657
HHATL	0
HHAT	284
HHEX	2029
HHIPL1	37
HHIPL2	7
HHIP	2
HHLA1	0
HHLA2	1
HHLA3	327
HIAT1	1111
HIATL1	929
HIATL2	25
HIBADH	3545
HIBCH	1824
HIC1	134
HIC2	207
HIF1AN	1104
HIF1A	2189
HIF3A	24
HIGD1A	4775
HIGD1B	32
HIGD1C	0
HIGD2A	2940
HIGD2B	0
HILS1	0
HINFP	401
HINT1	14246
HINT2	2170
HINT3	1275
HIP1R	2180
HIP1	1004
HIPK1	1553
HIPK2	2666
HIPK3	550
HIPK4	4
HIRA	1412
HIRIP3	871
HIST1H1A	0
HIST1H1B	2
HIST1H1C	3664
HIST1H1D	0
HIST1H1E	7
HIST1H1T	0
HIST1H2AA	0
HIST1H2AB	0
HIST1H2AC	2950
HIST1H2AD	0.43
HIST1H2AE	62
HIST1H2AG	10
HIST1H2AH	1
HIST1H2AJ	0
HIST1H2AK	2
HIST1H2AL	1
HIST1H2AM	10
HIST1H2BA	0
HIST1H2BB	0
HIST1H2BC	162
HIST1H2BD	898
HIST1H2BE	23
HIST1H2BF	1
HIST1H2BG	14
HIST1H2BH	1
HIST1H2BI	0
HIST1H2BJ	45
HIST1H2BK	3347
HIST1H2BL	1
HIST1H2BM	0
HIST1H2BN	17
HIST1H2BO	4
HIST1H3A	1
HIST1H3B	3
HIST1H3C	2
HIST1H3D	22.64
HIST1H3E	46
HIST1H3F	0
HIST1H3G	0
HIST1H3H	19
HIST1H3I	0
HIST1H3J	0
HIST1H4A	0
HIST1H4B	1
HIST1H4C	2
HIST1H4D	1
HIST1H4E	3
HIST1H4F	0
HIST1H4G	0
HIST1H4H	68
HIST1H4I	2
HIST1H4J	86
HIST1H4K	0
HIST1H4L	0
HIST2H2AA3	1317
HIST2H2AB	1
HIST2H2AC	24
HIST2H2BA	4
HIST2H2BE	471
HIST2H2BF	26
HIST2H3C	4
HIST2H3D	1
HIST2H4A	530
HIST3H2A	4
HIST3H2BB	0
HIST3H3	0
HIST4H4	6
HIVEP1	682
HIVEP2	510
HIVEP3	100
HJURP	258
HK1	556
HK2	114
HK3	69
HKDC1	1204
HKR1	591
HLA-A	47461.91
HLA-B	47939.93
HLA-C	37505.49
HLA-DMA	1535
HLA-DMB	687
HLA-DOA	284
HLA-DOB	39.31
HLA-DPA1	3637
HLA-DPB1	2944
HLA-DPB2	2
HLA-DQA1	818
HLA-DQA2	200
HLA-DQB1	1179
HLA-DQB2	41
HLA-DRA	8556
HLA-DRB1	3776.62
HLA-DRB5	953
HLA-DRB6	266.34
HLA-E	13281
HLA-F	3511
HLA-G	114
HLA-H	4297
HLA-J	14
HLA-L	52
HLCS	924
HLF	2297
HLTF	1413
HLX	608
HM13	8646.47
HMBOX1	58
HMBS	1080
HMCN1	164
HMG20A	1230
HMG20B	2019
HMGA1	2267.48
HMGA2	1
HMGB1	6233
HMGB2	1606
HMGB3L1	0
HMGB3	2112
HMGB4	0
HMGCLL1	1
HMGCL	5859
HMGCR	2536
HMGCS1	7796
HMGCS2	41209
HMGN1	2997
HMGN2	7112
HMGN3	1659.94
HMGN4	1228
HMGN5	131
HMGXB3	1509
HMGXB4	524
HMHA1	878
HMHB1	0
HMMR	289.98
HMOX1	1823
HMOX2	2312
HMP19	2
HMSD	0
HMX1	0
HMX2	0
HMX3	0
HN1L	3334
HN1	1592
HNF1A	2167
HNF1B	598
HNF4A	7515
HNF4G	493
HNMT	4157
HNRNPA0	4326
HNRNPA1L2	2214
HNRNPA1	6838
HNRNPA2B1	20037
HNRNPA3P1	128
HNRNPA3	6714
HNRNPAB	4873.24
HNRNPCL1	0
HNRNPC	12943
HNRNPD	4199
HNRNPF	7489.6
HNRNPH1	4851
HNRNPH2	3316
HNRNPH3	2285
HNRNPK	15781
HNRNPL	7203.02
HNRNPM	6038
HNRNPR	2968
HNRNPUL1	6278
HNRNPUL2	3286.94
HNRNPU	13002
HNRPDL	3656
HNRPLL	580
HOMER1	80
HOMER2	1318
HOMER3	383
HOMEZ	441
HOOK1	1290
HOOK2	621
HOOK3	927
HOPX	63
HORMAD1	0
HORMAD2	8
HOTAIR	0
HOXA10	19
HOXA11AS	1
HOXA11	1
HOXA13	45
HOXA1	5
HOXA2	5
HOXA3	34
HOXA4	24.98
HOXA5	10
HOXA6	0
HOXA7	3.5
HOXA9	2
HOXB13	0
HOXB1	0
HOXB2	60
HOXB3	65
HOXB4	30
HOXB5	23
HOXB6	24
HOXB7	26
HOXB8	1
HOXB9	1
HOXC10	0
HOXC11	0
HOXC12	0
HOXC13	0
HOXC4	5
HOXC5	1
HOXC6	2
HOXC8	0
HOXC9	1
HOXD10	3
HOXD11	0
HOXD12	0
HOXD13	0
HOXD1	6
HOXD3	4
HOXD4	4
HOXD8	24
HOXD9	36
HP1BP3	3587
HPCAL1	1836
HPCAL4	1
HPCA	1
HPDL	8
HPD	24488
HPGDS	12
HPGD	1593
HPN	18724.98
HPRT1	1095
HPR	10416
HPS1	2417
HPS3	1490.15
HPS4	978
HPS5	1018
HPS6	655
HPSE2	0
HPSE	24
HPVC1	0
HPX	78716
HPYR1	0
HP	421073
HRASLS2	10
HRASLS5	1
HRASLS	1
HRAS	880
HRCT1	153
HRC	47
HRG	67262
HRH1	53
HRH2	4
HRH3	0
HRH4	1
HRK	0
HRNBP3	1
HRNR	3
HRSP12	8843
HR	13
HS1BP3	1924
HS2ST1	1409.25
HS3ST1	44
HS3ST2	46
HS3ST3A1	36
HS3ST3B1	54
HS3ST4	0
HS3ST5	0
HS3ST6	0
HS6ST1	2729
HS6ST2	3
HS6ST3	0
HSBP1L1	388
HSBP1	2358
HSCB	614
HSD11B1L	135
HSD11B1	4278
HSD11B2	262
HSD17B10	4854
HSD17B11	6757
HSD17B12	2834
HSD17B13	765
HSD17B14	697
HSD17B1	72.78
HSD17B2	3683
HSD17B3	45
HSD17B4	11803
HSD17B6	15648
HSD17B7P2	80
HSD17B7	959
HSD17B8	1355
HSD3B1	3
HSD3B2	4
HSD3B7	4367
HSDL1	510
HSDL2	4945
HSF1	3402.02
HSF2BP	19
HSF2	261
HSF4	246.77
HSF5	2
HSFX1	0
HSFX2	21
HSFY2	0
HSFYL1	0
HSH2D	82
HSN2	8
HSP90AA1	29238
HSP90AB1	41554
HSP90AB2P	51
HSP90AB4P	1
HSP90B1	48434
HSP90B3P	17
HSPA12A	87
HSPA12B	190
HSPA13	829
HSPA14	580
HSPA1A	23991.11
HSPA1B	2294
HSPA1L	68.03
HSPA2	313
HSPA4L	282
HSPA4	4319
HSPA5	38575
HSPA6	188
HSPA7	65
HSPA8	32489
HSPA9	17607
HSPB11	746
HSPB1	20422
HSPB2	34
HSPB3	0
HSPB6	391
HSPB7	18
HSPB8	283
HSPB9	61
HSPBAP1	196
HSPBP1	1631
HSPC072	0
HSPC157	370
HSPC159	557
HSPD1	23347
HSPE1	7687
HSPG2	5302.48
HSPH1	2113
HTATIP2	4034
HTATSF1	2339
HTA	0
HTN1	0
HTN3	0
HTR1A	0
HTR1B	1
HTR1D	7
HTR1E	0
HTR1F	1
HTR2A	1
HTR2B	47
HTR2C	0
HTR3A	1
HTR3B	0
HTR3C	0
HTR3D	0
HTR3E	0
HTR4	2
HTR5A	0
HTR6	0
HTR7P1	89
HTR7	6
HTRA1	5303
HTRA2	1052.43
HTRA3	118
HTRA4	2
HTT	2885
HULC	5693
HUNK	55
HUS1B	3
HUS1	530
HUWE1	5703
HVCN1	95
HYAL1	5041
HYAL2	2203
HYAL3	219.96
HYAL4	0
HYALP1	0
HYDIN	7
HYI	1241.39
HYLS1	175
HYMAI	0
HYOU1	9657
IAH1	1266
IAPP	3
IARS2	6239
IARS	2492
IBSP	1
IBTK	2952
ICA1L	27
ICA1	408
ICAM1	3066
ICAM2	534.26
ICAM3	1101
ICAM4	13
ICAM5	2
ICK	927
ICMT	1964
ICOSLG	499
ICOS	15
ICT1	1158
ID1	633
ID2B	16
ID2	5563
ID3	716
ID4	71
IDE	695
IDH1	13801
IDH2	9207
IDH3A	1344
IDH3B	2955
IDH3G	1864
IDI1	5318.04
IDI2	97
IDO1	49
IDO2	7
IDS	1900.52
IDUA	520.05
IER2	2931
IER3IP1	2100
IER3	1209
IER5L	355
IER5	872
IFFO1	726
IFFO2	512
IFI16	832
IFI27L1	261
IFI27L2	153
IFI27	1943
IFI30	6252.98
IFI35	1606
IFI44L	152
IFI44	454
IFI6	2974
IFIH1	776
IFIT1B	0
IFIT1	1063
IFIT2	629
IFIT3	994
IFIT5	730
IFITM1	1676
IFITM2	8676
IFITM3	48273
IFITM4P	0
IFITM5	0
IFLTD1	0
IFNA10	0
IFNA13	0
IFNA14	0
IFNA16	0
IFNA17	0
IFNA1	0
IFNA21	0
IFNA2	0
IFNA4	0
IFNA5	0
IFNA6	0
IFNA7	0
IFNA8	0
IFNAR1	3518
IFNAR2	771.89
IFNB1	0
IFNE	0
IFNGR1	2652
IFNGR2	1833
IFNG	2
IFNK	0
IFNW1	0
IFRD1	808
IFRD2	2933.18
IFT122	577
IFT140	260
IFT172	353
IFT20	823.27
IFT27	829
IFT46	275
IFT52	428
IFT57	285
IFT74	327
IFT80	324
IFT81	261
IFT88	482
IGBP1	1450
IGDCC3	1
IGDCC4	12
IGF1R	98
IGF1	548
IGF2AS	2.22
IGF2BP1	170
IGF2BP2	389
IGF2BP3	75
IGF2R	6095
IGF2	2147.17
IGFALS	251
IGFBP1	16370
IGFBP2	12651
IGFBP3	4885
IGFBP4	34989
IGFBP5	2007
IGFBP6	82
IGFBP7	6777
IGFBPL1	1
IGFL1	0
IGFL2	0
IGFL3	0
IGFL4	0
IGFN1	1
IGHMBP2	689
IGJ	140
IGLL1	0
IGLL3	0
IGLON5	11
IGSF10	9
IGSF11	1
IGSF1	46
IGSF21	44
IGSF22	3
IGSF3	415
IGSF5	0
IGSF6	117
IGSF8	4399
IGSF9B	1
IGSF9	281
IHH	147
IKBIP	565
IKBKAP	1444
IKBKB	884
IKBKE	212
IKBKG	1485
IKZF1	140
IKZF2	69
IKZF3	6
IKZF4	122
IKZF5	623
IK	3159
IL10RA	439
IL10RB	1472
IL10	5
IL11RA	680
IL11	2
IL12A	4
IL12B	1
IL12RB1	39
IL12RB2	11
IL13RA1	6063
IL13RA2	5
IL13	0
IL15RA	608
IL15	62
IL16	286
IL17A	0
IL17B	1
IL17C	0
IL17D	12.97
IL17F	0
IL17RA	412
IL17RB	1730
IL17RC	1910
IL17RD	20
IL17REL	0
IL17RE	261
IL18BP	469.5
IL18R1	112
IL18RAP	21
IL18	114
IL19	0
IL1A	1
IL1B	23
IL1F10	0
IL1F5	0
IL1F6	0
IL1F7	0
IL1F8	0
IL1F9	0
IL1R1	3066
IL1R2	286
IL1RAPL1	0
IL1RAPL2	2
IL1RAP	915
IL1RL1	5
IL1RL2	20
IL1RN	1534
IL20RA	1
IL20RB	26
IL20	0
IL21R	20
IL21	0
IL22RA1	489
IL22RA2	0
IL22	0
IL23A	12
IL23R	1
IL24	1.38
IL25	0
IL26	0
IL27RA	213
IL27	126
IL28A	0
IL28B	0
IL28RA	265
IL29	0
IL2RA	13
IL2RB	184
IL2RG	427
IL2	0
IL31RA	1
IL31	0
IL32	20493
IL33	221
IL34	114
IL3RA	193
IL3	0
IL4I1	101.81
IL4R	2565
IL4	0
IL5RA	0
IL5	0
IL6R	1709
IL6ST	964
IL6	6
IL7R	20
IL7	112
IL8	181
IL9R	2
IL9	0
ILDR1	17
ILDR2	6
ILF2	5114
ILF3	5717
ILKAP	740
ILK	3423
ILVBL	3428
IMMP1L	134.53
IMMP2L	447
IMMT	3470
IMP3	2308
IMP4	1727
IMP5	0
IMPA1	1207
IMPA2	1405
IMPACT	871
IMPAD1	4643
IMPDH1	333
IMPDH2	3599
IMPG1	1
IMPG2	2
INADL	1330
INA	1
INCA1	35
INCENP	338
INE1	13
INE2	15.76
INF2	3819
ING1	608.25
ING2	240
ING3	224
ING4	839
ING5	563
INGX	1
INHA	5
INHBA	63
INHBB	1464
INHBC	1177
INHBE	2450
INMT	175
INO80B	790.98
INO80C	458
INO80D	508.28
INO80E	1208
INO80	938
INPP1	723
INPP4A	443
INPP4B	31
INPP5A	830
INPP5B	495
INPP5D	367
INPP5E	395
INPP5F	226
INPP5J	20
INPP5K	900
INPPL1	2566
INS-IGF2	7.76
INSC	5
INSIG1	15255
INSIG2	1315
INSL3	2
INSL4	0
INSL5	0
INSL6	0
INSM1	0
INSM2	0
INSRR	0
INSR	5926
INS	0
INTS10	1195
INTS12	565
INTS1	4707
INTS2	282
INTS3	3165
INTS4L1	14
INTS4L2	13
INTS4	587
INTS5	1174
INTS6	903
INTS7	941
INTS8	902.9
INTS9	290
INTU	31
INVS	360
IP6K1	1833
IP6K2	1615
IP6K3	39
IPCEF1	32
IPMK	30
IPO11	608.33
IPO13	1351
IPO4	1578.43
IPO5	3525
IPO7	3666
IPO8	1660
IPO9	2879
IPPK	284.38
IPP	223
IPW	249.79
IQCA1	6
IQCB1	329
IQCC	82
IQCD	21
IQCE	555
IQCF1	0
IQCF2	0
IQCF3	0
IQCF5	0
IQCF6	0
IQCG	129
IQCH	22
IQCJ	0
IQCK	167
IQGAP1	1282
IQGAP2	5447
IQGAP3	540
IQSEC1	4583
IQSEC2	86
IQSEC3	7
IQUB	2
IRAK1BP1	19.02
IRAK1	4679
IRAK2	864
IRAK3	79
IRAK4	466
IREB2	1487
IRF1	1993.79
IRF2BP1	1529
IRF2BP2	9602
IRF2	1160
IRF3	2325.46
IRF4	18
IRF5	488
IRF6	1028
IRF7	1205
IRF8	453
IRF9	1706
IRGC	0
IRGM	0
IRGQ	1024
IRS1	2425
IRS2	2847
IRS4	0
IRX1	0
IRX2	0
IRX3	63
IRX4	0
IRX5	5
IRX6	0
ISCA1P1	129
ISCA1	1257
ISCA2	584
ISCU	2661
ISG15	1788
ISG20L2	917
ISG20	580
ISL1	0
ISL2	3
ISLR2	14
ISLR	195
ISM1	121
ISM2	0
ISOC1	2029
ISOC2	4883
ISPD	86
ISX	45
ISY1	702
ISYNA1	401
ITCH	2290
ITFG1	1709
ITFG2	422
ITFG3	3419.04
ITGA10	30
ITGA11	96
ITGA1	2317.21
ITGA2B	2
ITGA2	173
ITGA3	313
ITGA4	129.3
ITGA5	4681
ITGA6	2412
ITGA7	555
ITGA8	4
ITGA9	70
ITGAD	12
ITGAE	220
ITGAL	1074
ITGAM	226
ITGAV	2184
ITGAX	341
ITGB1BP1	1040
ITGB1BP2	15
ITGB1BP3	0
ITGB1	16195
ITGB2	1257
ITGB3BP	248
ITGB3	86.7
ITGB4	341
ITGB5	5759
ITGB6	6
ITGB7	272
ITGB8	11
ITGBL1	169
ITIH1	59958
ITIH2	83947
ITIH3	56476
ITIH4	74558.04
ITIH5L	0
ITIH5	73
ITK	50
ITLN1	2
ITLN2	8
ITM2A	187
ITM2B	17444
ITM2C	2065
ITPA	1536
ITPK1	4268
ITPKA	238
ITPKB	350
ITPKC	1367
ITPR1	331
ITPR2	4361
ITPR3	145.16
ITPRIPL1	12
ITPRIPL2	1152
ITPRIP	599
ITSN1	1354
ITSN2	1461
IVD	5740
IVL	0
IVNS1ABP	2651
IWS1	1667
IYD	546
IZUMO1	0
JAG1	955
JAG2	377
JAGN1	1957
JAK1	4788
JAK2	201
JAK3	189
JAKMIP1	7
JAKMIP2	30.85
JAKMIP3	7
JAM2	79
JAM3	306
JARID2	472
JAZF1	784
JDP2	363
JHDM1D	612
JKAMP	1116
JMJD1C	1363.15
JMJD4	1407.8
JMJD5	376
JMJD6	891
JMJD7-PLA2G4B	525
JMJD8	2706.44
JMY	789
JOSD1	1853
JOSD2	746
JPH1	16
JPH2	18
JPH3	2
JPH4	11
JRKL	255
JRK	349
JSRP1	5
JTB	7466
JUB	1692
JUNB	3346
JUND	5735
JUN	4876
JUP	7131
KAAG1	13.5
KAL1	27
KALRN	840
KANK1	3449
KANK2	3127
KANK3	241
KANK4	12
KARS	3985
KAT2A	2081
KAT2B	1286
KAT5	1244.11
KATNA1	300
KATNAL1	274
KATNAL2	70
KATNB1	657
KAZALD1	32
KAZ	60
KBTBD10	7.14
KBTBD11	84
KBTBD12	0
KBTBD13	0
KBTBD2	1336
KBTBD3	135
KBTBD4	404.03
KBTBD5	0
KBTBD6	331
KBTBD7	125
KBTBD8	38
KC6	0
KCMF1	1917
KCNA10	0
KCNA1	0
KCNA2	0
KCNA3	6
KCNA4	0
KCNA5	11
KCNA6	4
KCNA7	0
KCNAB1	53
KCNAB2	326
KCNAB3	4
KCNB1	17
KCNB2	0
KCNC1	2
KCNC2	0
KCNC3	203
KCNC4	87
KCND1	34
KCND2	3
KCND3	19
KCNE1L	18
KCNE1	3
KCNE2	16
KCNE3	224
KCNE4	106
KCNF1	10
KCNG1	4
KCNG2	2
KCNG3	0
KCNG4	0
KCNH1	4
KCNH2	6
KCNH3	5
KCNH4	5
KCNH5	0
KCNH6	1
KCNH7	1
KCNH8	1
KCNIP1	1
KCNIP2	19
KCNIP3	75
KCNIP4	10
KCNJ10	12
KCNJ11	95
KCNJ12	15
KCNJ13	0
KCNJ14	22
KCNJ15	30
KCNJ16	2
KCNJ1	1
KCNJ2	73
KCNJ3	20
KCNJ4	53
KCNJ5	40
KCNJ6	1
KCNJ8	1341
KCNJ9	0
KCNK10	1
KCNK12	0
KCNK13	17
KCNK15	2
KCNK16	0
KCNK17	8
KCNK18	0
KCNK1	436
KCNK2	0
KCNK3	7
KCNK4	0
KCNK5	294
KCNK6	70
KCNK7	8
KCNK9	2
KCNMA1	162
KCNMB1	32
KCNMB2	1
KCNMB3	60
KCNMB4	34
KCNN1	4
KCNN2	14
KCNN3	24
KCNN4	31
KCNQ1DN	0
KCNQ1OT1	61
KCNQ1	125
KCNQ2	0
KCNQ3	1
KCNQ4	2
KCNQ5	2
KCNRG	6.36
KCNS1	1
KCNS2	0
KCNS3	114
KCNT1	1
KCNT2	155
KCNU1	0
KCNV1	0
KCNV2	0
KCP	11.13
KCTD10	1098
KCTD11	292
KCTD12	666
KCTD13	317
KCTD14	247
KCTD15	273
KCTD16	1
KCTD17	243
KCTD18	492
KCTD19	0
KCTD1	180
KCTD20	2180
KCTD21	1098
KCTD2	1099
KCTD3	4802
KCTD4	0
KCTD5	901
KCTD6	421
KCTD7	258
KCTD8	0
KCTD9	392
KDELC1	299
KDELC2	624
KDELR1	7384
KDELR2	14108
KDELR3	763
KDM1A	1397
KDM1B	490
KDM2A	3610
KDM2B	831.23
KDM3A	1109
KDM3B	1939
KDM4A	1470
KDM4B	1349
KDM4C	669
KDM4DL	0
KDM4D	21
KDM5A	1287.54
KDM5B	1216
KDM5C	2582
KDM5D	376
KDM6A	693
KDM6B	821
KDR	1013
KDSR	2527
KEAP1	3404
KEL	5
KERA	0
KGFLP1	1
KGFLP2	53.24
KHDC1L	0
KHDC1	2
KHDRBS1	3740
KHDRBS2	0
KHDRBS3	454
KHK	9072.19
KHNYN	1819.07
KHSRP	3110
KIAA0020	627
KIAA0040	757
KIAA0087	0
KIAA0090	1366
KIAA0100	3652.2
KIAA0101	249
KIAA0114	894
KIAA0125	3
KIAA0141	2384
KIAA0146	786
KIAA0174	2627
KIAA0182	1610
KIAA0195	2577.99
KIAA0196	1770
KIAA0226	503
KIAA0232	1869
KIAA0240	534
KIAA0247	1128
KIAA0284	1440
KIAA0317	979
KIAA0319L	3233
KIAA0319	6
KIAA0355	768
KIAA0368	3269
KIAA0391	875.63
KIAA0406	946
KIAA0408	0
KIAA0415	1306
KIAA0427	1496
KIAA0430	1609
KIAA0467	1126.3
KIAA0494	2965
KIAA0495	471
KIAA0513	292
KIAA0528	752
KIAA0556	460
KIAA0562	869
KIAA0564	1255
KIAA0586	287
KIAA0649	680
KIAA0652	2964
KIAA0664P3	55
KIAA0664	9095
KIAA0748	12
KIAA0753	185
KIAA0754	67
KIAA0776	1218
KIAA0802	118
KIAA0831	575
KIAA0892	1325
KIAA0895L	193.09
KIAA0895	231
KIAA0907	1065
KIAA0913	2662
KIAA0922	914
KIAA0947	1005
KIAA1009	155
KIAA1012	1455
KIAA1024	6
KIAA1033	1682
KIAA1045	4
KIAA1107	71
KIAA1109	1196
KIAA1143	776
KIAA1147	1540
KIAA1161	1526
KIAA1191	3373
KIAA1199	62
KIAA1210	0
KIAA1211	28
KIAA1217	1302
KIAA1239	2
KIAA1244	30
KIAA1257	3
KIAA1267	1114
KIAA1274	240
KIAA1279	606
KIAA1310	1745
KIAA1324L	34
KIAA1324	25
KIAA1328	90
KIAA1370	1045
KIAA1377	14
KIAA1383	223
KIAA1407	88
KIAA1409	2
KIAA1429	2052
KIAA1430	963
KIAA1432	668.88
KIAA1462	738
KIAA1467	169
KIAA1468	670
KIAA1486	0
KIAA1522	2858
KIAA1524	78
KIAA1529	78
KIAA1530	191
KIAA1539	428
KIAA1543	1644
KIAA1549	105
KIAA1586	225
KIAA1598	2212
KIAA1609	143
KIAA1614	36.3
KIAA1632	731
KIAA1644	5
KIAA1671	2672
KIAA1683	109
KIAA1704	343.41
KIAA1712	304.18
KIAA1715	736
KIAA1731	343
KIAA1737	619
KIAA1751	2
KIAA1755	44
KIAA1797	626
KIAA1804	234
KIAA1826	221
KIAA1841	132
KIAA1875	47
KIAA1908	194
KIAA1919	151
KIAA1949	1388
KIAA1958	60
KIAA1967	1870
KIAA1984	12.15
KIAA2013	3332
KIAA2018	1044
KIAA2022	1
KIAA2026	435
KIDINS220	1589
KIF11	248
KIF12	491
KIF13A	967
KIF13B	1276
KIF14	135
KIF15	75
KIF16B	531
KIF17	58
KIF18A	66
KIF18B	167
KIF19	5
KIF1A	11
KIF1B	1751
KIF1C	6758
KIF20A	295
KIF20B	187
KIF21A	1207
KIF21B	290
KIF22	1959
KIF23	158
KIF24	72.01
KIF25	4
KIF26A	54
KIF26B	24
KIF27	29
KIF2A	287
KIF2B	0
KIF2C	298
KIF3A	186
KIF3B	2676
KIF3C	95
KIF4A	332
KIF4B	6
KIF5A	0
KIF5B	3194
KIF5C	23
KIF6	7
KIF7	78.79
KIF9	127
KIFAP3	1124
KIFC1	452
KIFC2	729.78
KIFC3	1945
KILLIN	42
KIN	309
KIR2DL1	1
KIR2DL3	1.28
KIR2DL4	2
KIR2DS4	2
KIR3DL1	1
KIR3DL2	1
KIR3DL3	0
KIR3DP1	0
KIR3DX1	0
KIRREL2	1
KIRREL3	1
KIRREL	33
KISS1R	1
KISS1	48
KITLG	229
KIT	50
KLB	2663
KLC1	1127.05
KLC2	559
KLC3	16
KLC4	3729.18
KLF10	1797
KLF11	1504
KLF12	855
KLF13	2544
KLF14	0
KLF15	3595
KLF16	970
KLF17	0
KLF1	2
KLF2	327
KLF3	2528.97
KLF4	278
KLF5	182
KLF6	4089
KLF7	31
KLF8	22
KLF9	3459
KLHDC10	789
KLHDC1	43
KLHDC2	2422
KLHDC3	4897
KLHDC4	615.5
KLHDC5	591
KLHDC7A	252
KLHDC7B	53
KLHDC8A	4
KLHDC8B	715
KLHDC9	208
KLHL10	2
KLHL11	22
KLHL12	1460
KLHL13	150
KLHL14	1
KLHL15	449
KLHL17	152
KLHL18	330
KLHL1	0
KLHL20	555
KLHL21	1742
KLHL22	758
KLHL23	131
KLHL24	1547
KLHL25	571
KLHL26	270
KLHL28	303
KLHL29	290
KLHL2	718
KLHL30	8
KLHL31	37.44
KLHL32	14
KLHL33	0
KLHL34	1
KLHL35	2
KLHL36	355
KLHL38	1
KLHL3	74
KLHL4	12
KLHL5	1768
KLHL6	89
KLHL7	625
KLHL8	395
KLHL9	836
KLK10	1
KLK11	0
KLK12	0
KLK13	0
KLK14	0
KLK15	0
KLK1	0
KLK2	0
KLK3	0
KLK4	0
KLK5	0
KLK6	0
KLK7	0
KLK8	0
KLK9	0
KLKB1	2550
KLKP1	0
KLRA1	12
KLRAQ1	691
KLRB1	88
KLRC1	4
KLRC2	2
KLRC3	2
KLRC4	0
KLRD1	18
KLRF1	7
KLRG1	28
KLRG2	0
KLRK1	42
KL	23
KMO	798.25
KNCN	0
KNDC1	55
KNG1	81879
KNTC1	316
KPNA1	2498
KPNA2	2324
KPNA3	1336
KPNA4	1922
KPNA5	23
KPNA6	1931
KPNA7	23
KPNB1	5134
KPRP	0
KPTN	382
KRAS	932
KRBA1	101
KRBA2	31
KRCC1	1016
KREMEN1	345
KREMEN2	3
KRI1	1064.53
KRIT1	735
KRR1	683.78
KRT10	747
KRT12	0
KRT13	0
KRT14	0
KRT15	1
KRT16	0
KRT17	21
KRT18	25158.7
KRT19	49
KRT1	0
KRT20	1
KRT222	131
KRT23	199
KRT24	0
KRT25	0
KRT26	0
KRT27	0
KRT28	0
KRT2	0
KRT31	0
KRT32	0
KRT33A	0
KRT33B	0
KRT34	0
KRT35	0
KRT36	0
KRT37	0
KRT38	0
KRT39	1
KRT3	0
KRT40	0
KRT4	0
KRT5	2
KRT6A	0
KRT6B	1
KRT6C	0
KRT71	0
KRT72	0
KRT73	0
KRT74	0
KRT75	0
KRT76	0
KRT77	0
KRT78	0
KRT79	0
KRT7	327
KRT80	23
KRT81	6
KRT82	0
KRT83	0
KRT84	0
KRT85	2
KRT86	10
KRT8	28223.18
KRT9	0
KRTAP1-1	0
KRTAP1-3	0
KRTAP1-5	0
KRTAP10-10	0
KRTAP10-11	0
KRTAP10-12	0
KRTAP10-1	0
KRTAP10-2	0
KRTAP10-3	0
KRTAP10-4	0
KRTAP10-5	0
KRTAP10-6	0
KRTAP10-7	0
KRTAP10-8	0
KRTAP10-9	0
KRTAP11-1	0
KRTAP12-1	0
KRTAP12-2	0
KRTAP12-3	0
KRTAP12-4	0
KRTAP13-1	0
KRTAP13-2	0
KRTAP13-3	0
KRTAP13-4	0
KRTAP15-1	0
KRTAP17-1	0
KRTAP19-1	0
KRTAP19-2	0
KRTAP19-3	0
KRTAP19-4	0
KRTAP19-5	0
KRTAP19-6	0
KRTAP19-7	0
KRTAP19-8	0
KRTAP2-1	0
KRTAP2-2	0
KRTAP2-4	0
KRTAP20-1	0
KRTAP20-2	0
KRTAP20-3	0
KRTAP20-4	0
KRTAP21-1	0
KRTAP21-2	0
KRTAP22-1	0
KRTAP23-1	0
KRTAP24-1	0
KRTAP25-1	0
KRTAP26-1	0
KRTAP27-1	0
KRTAP3-1	0
KRTAP3-2	0
KRTAP3-3	0
KRTAP4-11	0
KRTAP4-12	0
KRTAP4-1	0
KRTAP4-2	0
KRTAP4-3	0
KRTAP4-4	0
KRTAP4-5	0
KRTAP4-7	0
KRTAP4-8	0
KRTAP4-9	0
KRTAP5-10	1
KRTAP5-11	0
KRTAP5-1	3
KRTAP5-2	2.04
KRTAP5-3	0
KRTAP5-4	0
KRTAP5-5	0
KRTAP5-6	6
KRTAP5-7	1
KRTAP5-8	1
KRTAP5-9	3
KRTAP6-1	0
KRTAP6-2	0
KRTAP6-3	0
KRTAP7-1	0
KRTAP8-1	0
KRTAP9-2	0
KRTAP9-4	0
KRTAP9-8	0
KRTAP9-9	0
KRTCAP2	5861
KRTCAP3	22
KRTDAP	0
KSR1	326
KSR2	3
KTELC1	393
KTI12	324
KTN1	5928
KYNU	1003
KY	1
L1CAM	4
L1TD1	1
L2HGDH	372
L3MBTL2	1373.68
L3MBTL3	139
L3MBTL4	378
L3MBTL	78
LACE1	94
LACRT	0
LACTB2	1345
LACTB	1245
LAD1	2025
LAG3	73
LAGE3	917
LAIR1	292
LAIR2	3
LALBA	0
LAMA1	4
LAMA2	153
LAMA3	472
LAMA4	908
LAMA5	2085
LAMB1	2421
LAMB2L	16
LAMB2	6955
LAMB3	588
LAMB4	2
LAMC1	5504
LAMC2	26
LAMC3	409
LAMP1	16812
LAMP2	14743
LAMP3	81
LANCL1	1802
LANCL2	871
LANCL3	1
LAP3	4518
LAPTM4A	10547
LAPTM4B	4013
LAPTM5	2674
LARGE	793
LARP1B	905
LARP1	7011
LARP4B	1678
LARP4	2942
LARP6	84
LARP7	1083
LARS2	841
LARS	2666
LAS1L	1776
LASP1	11195
LASS1	5
LASS2	36857
LASS3	0
LASS4	2735
LASS5	717
LASS6	545.22
LAT2	190
LATS1	162
LATS2	565
LAT	127.81
LAX1	14
LAYN	47
LBH	839
LBP	19690
LBR	3261
LBX1	0
LBX2	102
LBXCOR1	3
LCA5L	30
LCA5	28
LCAT	1032.16
LCE1A	0
LCE1B	0
LCE1C	0
LCE1D	0
LCE1E	0
LCE1F	0
LCE2A	0
LCE2B	0
LCE2C	0
LCE2D	0
LCE3A	0
LCE3B	0
LCE3C	0
LCE3D	0
LCE3E	0
LCE4A	0
LCE5A	0
LCE6A	0
LCK	115
LCLAT1	656
LCMT1	558
LCMT2	333
LCN10	6
LCN12	192
LCN15	0
LCN1	0
LCN2	1201
LCN6	0
LCN8	0
LCN9	0
LCNL1	1
LCORL	80.21
LCOR	44.61
LCP1	2286
LCP2	278
LCTL	2.17
LCT	0
LDB1	810
LDB2	368
LDB3	14
LDHAL6A	0
LDHAL6B	1
LDHA	21508
LDHB	906
LDHC	5
LDHD	2938
LDLRAD1	6
LDLRAD2	289.91
LDLRAD3	56
LDLRAP1	1346
LDLR	3402
LDOC1L	239
LDOC1	73
LEAP2	2836
LECT1	0
LECT2	2147.98
LEF1	147
LEFTY1	20
LEFTY2	1
LEKR1	15
LELP1	0
LEMD1	0
LEMD2	1734
LEMD3	572
LENEP	0
LENG1	374
LENG8	2755.43
LENG9	248.2
LEO1	1150
LEPRE1	1655
LEPREL1	78
LEPREL2	94
LEPROTL1	1067
LEPROT	659.14
LEPR	3732.13
LEP	0
LETM1	1953
LETM2	13
LETMD1	1748
LEUTX	0
LFNG	185
LGALS12	1
LGALS13	0
LGALS14	0
LGALS1	3543
LGALS2	37
LGALS3BP	14657
LGALS3	1340
LGALS4	9290
LGALS7B	0
LGALS7	0
LGALS8	1728.91
LGALS9B	0
LGALS9C	28
LGALS9	977
LGI1	0
LGI2	36
LGI3	4
LGI4	109
LGMN	3906
LGR4	3116
LGR5	33
LGR6	36
LGSN	20
LGTN	2372
LHB	0
LHCGR	0
LHFPL1	0
LHFPL2	395
LHFPL3	0
LHFPL4	1
LHFPL5	0
LHFP	403
LHPP	1583
LHX1	0
LHX2	13
LHX3	2
LHX4	7.31
LHX5	0
LHX6	24
LHX8	0
LHX9	6
LIAS	429
LIFR	300
LIF	87
LIG1	1115
LIG3	761
LIG4	381
LILRA1	5
LILRA2	25
LILRA3	2
LILRA4	5
LILRA5	27
LILRA6	44.78
LILRB1	80
LILRB2	140
LILRB3	68
LILRB4	143
LILRB5	139
LILRP2	0
LIM2	0
LIMA1	991
LIMCH1	303
LIMD1	1816
LIMD2	488.33
LIME1	2964.82
LIMK1	559
LIMK2	1115
LIMS1	188
LIMS2	1347
LIMS3-LOC440895	218
LIMS3	2
LIN28A	0
LIN28B	0
LIN37	344.9
LIN52	164
LIN54	431
LIN7A	275
LIN7B	76
LIN7C	1364
LIN9	134
LINGO1	110
LINGO2	0
LINGO3	0
LINGO4	26
LINS1	223
LIPA	4173
LIPC	3047
LIPE	48
LIPF	0
LIPG	1091
LIPH	8
LIPI	0
LIPJ	0
LIPK	0
LIPM	0
LIPN	0
LIPT1	157.79
LIPT2	39.13
LITAF	5840
LIX1L	1058
LIX1	0
LLGL1	391
LLGL2	2946
LLPH	854.31
LMAN1L	0
LMAN1	7677
LMAN2L	990
LMAN2	13931
LMBR1L	599
LMBR1	941
LMBRD1	2321
LMBRD2	192
LMCD1	527
LMF1	759
LMF2	3894
LMLN	159
LMNA	16003
LMNB1	814
LMNB2	931
LMO1	0
LMO2	374
LMO3	1
LMO4	971
LMO7	2233
LMOD1	257
LMOD2	0
LMOD3	3
LMTK2	341
LMTK3	17
LMX1A	1
LMX1B	0
LNP1	98
LNPEP	132
LNX1	218
LNX2	828
LOC100009676	115.03
LOC100101266	5
LOC100101938	0
LOC100124692	0
LOC100125556	88.64
LOC100126784	18
LOC100127888	0
LOC100128023	0
LOC100128076	0
LOC100128164	0
LOC100128191	147.57
LOC100128239	1
LOC100128288	24
LOC100128292	21
LOC100128542	4
LOC100128554	0
LOC100128573	1
LOC100128640	29
LOC100128675	30.02
LOC100128788	24.05
LOC100128811	0
LOC100128822	132
LOC100128842	18
LOC100128977	0
LOC100129034	2731.67
LOC100129055	0
LOC100129066	6
LOC100129387	209.12
LOC100129534	29
LOC100129550	125
LOC100129637	172.99
LOC100129716	5
LOC100129726	7
LOC100129935	0
LOC100130015	190.92
LOC100130093	216.86
LOC100130148	2
LOC100130238	1
LOC100130264	0
LOC100130274	0
LOC100130331	2
LOC100130386	0
LOC100130522	16
LOC100130557	42.47
LOC100130581	85
LOC100130691	13.07
LOC100130776	56.69
LOC100130872	612
LOC100130932	74
LOC100130933	64
LOC100130987	6
LOC100131193	32
LOC100131434	32.93
LOC100131496	2
LOC100131551	2
LOC100131691	51
LOC100131726	12
LOC100132111	17
LOC100132215	26
LOC100132247	95
LOC100132287	274
LOC100132288	290
LOC100132354	6
LOC100132707	105.34
LOC100132724	3
LOC100132831	0
LOC100132832	4.98
LOC100133050	0
LOC100133161	27
LOC100133308	0
LOC100133331	107
LOC100133469	1
LOC100133545	4
LOC100133612	25
LOC100133669	2
LOC100133893	0
LOC100133920	0
LOC100133957	15.56
LOC100133985	57
LOC100133991	5
LOC100134229	200
LOC100134259	10
LOC100134368	4
LOC100134713	21.01
LOC100134868	4
LOC100144603	20
LOC100144604	0
LOC100169752	0
LOC100170939	26.59
LOC100188947	1
LOC100188949	8
LOC100189589	0
LOC100190938	23
LOC100190939	103
LOC100190940	0
LOC100190986	44
LOC100192378	3
LOC100192379	0
LOC100192426	0
LOC100216001	2
LOC100216545	195
LOC100233209	9
LOC100240726	0
LOC100240734	0
LOC100240735	2
LOC100268168	8
LOC100270710	73.11
LOC100270746	49
LOC100270804	16
LOC100271722	32
LOC100271831	64.77
LOC100271832	0
LOC100271836	121.45
LOC100272146	32
LOC100272216	8
LOC100272217	36
LOC100272228	30
LOC100286793	233
LOC100286844	23.99
LOC100287227	16.07
LOC100287704	0
LOC100287718	0
LOC100288778	689.15
LOC100289341	37
LOC100302401	16
LOC100302640	1
LOC100302650	24
LOC100303728	49
LOC113230	295
LOC115110	173.67
LOC116437	0
LOC121838	0
LOC121952	2
LOC126536	0
LOC127841	3
LOC134466	9
LOC143188	17
LOC143666	33
LOC144438	640
LOC144486	6
LOC144571	103.29
LOC144742	0
LOC144776	0
LOC145474	0
LOC145783	64.4
LOC145820	31
LOC145837	220
LOC145845	0
LOC146336	1
LOC146481	0
LOC146880	322.2
LOC147727	441
LOC147804	149
LOC148145	0
LOC148189	62
LOC148413	898.34
LOC148696	0
LOC148709	63
LOC148824	0
LOC149134	37
LOC149620	0
LOC149837	14
LOC150185	0
LOC150197	20
LOC150381	95
LOC150527	0
LOC150568	0
LOC150622	0
LOC150776	375
LOC150786	36
LOC151009	25
LOC151162	770
LOC151174	4
LOC151300	0
LOC151534	1317
LOC151658	0
LOC152024	0
LOC152217	468
LOC152225	3
LOC153328	1
LOC153684	30
LOC153910	1
LOC154449	0
LOC154761	19.94
LOC154822	1.25
LOC157381	1
LOC157627	0
LOC158376	30
LOC158572	25
LOC158696	2
LOC162632	35.59
LOC168474	2
LOC200030	757
LOC200726	0
LOC201651	80
LOC202181	22
LOC202781	313
LOC219347	50
LOC220429	7
LOC220594	24
LOC220729	164
LOC220930	92.69
LOC221122	1
LOC221442	25
LOC221710	869
LOC222699	98
LOC253039	494
LOC253724	15
LOC254312	0
LOC254559	8
LOC255025	0
LOC255167	714
LOC256880	3
LOC257358	1
LOC25845	445.74
LOC26102	1
LOC282997	50
LOC283050	24
LOC283070	673
LOC283174	6
LOC283267	258
LOC283314	268.19
LOC283332	0
LOC283392	0
LOC283404	0
LOC283663	23
LOC283731	1
LOC283761	0
LOC283856	1
LOC283867	0
LOC283914	0
LOC283922	26
LOC283999	0
LOC284009	0
LOC284023	40
LOC284100	0
LOC284232	7
LOC284233	1
LOC284276	1
LOC284379	0
LOC284440	133
LOC284441	59
LOC284551	4
LOC284578	1
LOC284632	0
LOC284661	0
LOC284688	0
LOC284749	2
LOC284788	0
LOC284798	0
LOC284837	11
LOC284900	253.32
LOC285033	37.29
LOC285045	0
LOC285074	462
LOC285194	0
LOC285205	0
LOC285359	71
LOC285370	0
LOC285375	0
LOC285401	0
LOC285419	2
LOC285456	1
LOC285501	0
LOC285548	0
LOC285593	5
LOC285627	0
LOC285629	1
LOC285692	0
LOC285696	0
LOC285733	1200
LOC285735	0
LOC285740	0
LOC285768	1
LOC285780	0
LOC285796	1
LOC285830	83.71
LOC285847	1
LOC285954	6
LOC286002	0
LOC286094	0
LOC286135	0
LOC286238	0
LOC286359	0
LOC286367	23
LOC286467	3
LOC29034	4
LOC338588	0
LOC338651	5
LOC338758	24
LOC338799	261
LOC339047	920
LOC339240	1
LOC339290	1030
LOC339524	34
LOC339535	1
LOC339568	0
LOC339674	2
LOC339788	0
LOC340017	0
LOC340074	0
LOC340094	0
LOC340357	0
LOC340508	0
LOC341056	19
LOC342346	4
LOC344595	23
LOC344967	6
LOC347376	0
LOC348021	0
LOC348840	1
LOC348926	93
LOC349114	51
LOC349196	1
LOC360030	0
LOC374443	62
LOC374491	0
LOC375190	70
LOC387646	20
LOC387647	537.29
LOC388152	227
LOC388242	10
LOC388387	21
LOC388428	0
LOC388588	83
LOC388692	168
LOC388789	1493
LOC388796	496
LOC388946	0
LOC388955	952
LOC389033	0
LOC389332	8
LOC389333	20
LOC389458	5.13
LOC389493	0
LOC389634	2
LOC389705	3
LOC389791	6
LOC390595	12
LOC390858	0
LOC391322	8
LOC392196	0
LOC399744	205
LOC399815	3
LOC399959	96
LOC400027	167
LOC400043	30
LOC400657	213
LOC400696	1
LOC400752	43
LOC400759	10
LOC400794	0
LOC400804	1
LOC400891	0
LOC400927	21.6
LOC400931	14
LOC400940	0
LOC401010	50
LOC401052	38
LOC401093	36.33
LOC401127	9
LOC401387	0
LOC401397	660
LOC401431	27.04
LOC401463	1
LOC401588	75
LOC402377	4
LOC402644	0
LOC407835	126
LOC415056	0
LOC440040	0
LOC440173	0
LOC440354	81.19
LOC440356	1
LOC440461	2
LOC440563	1
LOC440896	0
LOC440905	3
LOC440925	150
LOC440944	263
LOC440957	471
LOC441046	4
LOC441089	109
LOC441177	0
LOC441204	6
LOC441208	47
LOC441294	67
LOC441454	1
LOC441455	1
LOC441601	0
LOC441666	10
LOC441869	97
LOC442308	0
LOC442421	2
LOC442454	388
LOC442459	1
LOC493754	561
LOC494141	0
LOC541471	390
LOC541473	5.85
LOC550112	246
LOC550643	187
LOC554202	0
LOC55908	1928
LOC572558	0
LOC595101	80.98
LOC606724	35
LOC613037	7
LOC619207	16
LOC641298	11
LOC641367	3
LOC642587	0
LOC642597	1
LOC642826	88.81
LOC642846	236
LOC642852	179
LOC642929	0
LOC643008	6
LOC643387	65
LOC643486	0
LOC643677	6
LOC643719	8
LOC643763	0
LOC643837	207
LOC643923	0
LOC643955	0
LOC644145	0
LOC644165	12
LOC644172	10
LOC644538	40
LOC644669	0
LOC644936	32
LOC645166	37
LOC645323	0
LOC645332	109
LOC645431	3.64
LOC645676	36.24
LOC645752	0
LOC646214	102
LOC646471	89.42
LOC646498	0
LOC646627	0
LOC646762	206
LOC646813	0
LOC646851	6
LOC646982	1
LOC646999	6
LOC647121	67
LOC647288	22
LOC647309	53
LOC647859	1
LOC647946	4
LOC647979	8491
LOC648691	0
LOC648740	7.17
LOC649330	17
LOC650293	0
LOC650368	39
LOC650623	13
LOC651250	2152
LOC652276	48
LOC653113	43
LOC653501	106
LOC653544	0
LOC653545	0
LOC653566	3217
LOC653653	33
LOC653786	9
LOC654342	190
LOC654433	95
LOC678655	291.41
LOC723809	1
LOC723972	14
LOC727677	0
LOC727896	34
LOC727924	0
LOC728024	16
LOC728190	209
LOC728264	72
LOC728276	0
LOC728323	25
LOC728392	80
LOC728410	0
LOC728554	380
LOC728606	1
LOC728613	260
LOC728640	40
LOC728643	78
LOC728723	16
LOC728743	441
LOC728758	106
LOC728819	2
LOC728855	611.61
LOC728875	210.43
LOC728989	7
LOC729020	31
LOC729082	734.93
LOC729121	0
LOC729156	6.58
LOC729176	33
LOC729234	81
LOC729375	18
LOC729467	0
LOC729603	44
LOC729609	0
LOC729668	0
LOC729678	435.78
LOC729799	8
LOC729991-MEF2B	63.66
LOC729991	564.75
LOC730101	372
LOC730668	0
LOC730811	0
LOC731779	0
LOC731789	0
LOC732275	0
LOC80054	329
LOC80154	395
LOC81691	143
LOC84740	8.03
LOC84856	8
LOC84931	1
LOC84989	8.45
LOC90110	286
LOC90246	8
LOC90586	135
LOC90784	354
LOC90834	15
LOC91149	0
LOC91316	376.32
LOC91450	7
LOC91948	0
LOC92249	501
LOC92659	61
LOC92973	25
LOC93432	0
LOC93622	437
LOC96610	1693.37
LOH12CR1	166
LOH12CR2	31
LOH3CR2A	18
LONP1	5446
LONP2	3043
LONRF1	294
LONRF2	60
LONRF3	192
LOR	0
LOXHD1	2
LOXL1	113
LOXL2	541.94
LOXL3	39.8
LOXL4	627
LOX	151
LPAL2	45
LPAR1	16
LPAR2	92
LPAR3	0
LPAR4	1
LPAR5	40
LPAR6	420
LPA	357
LPCAT1	1128
LPCAT2	228
LPCAT3	3994
LPCAT4	201
LPGAT1	7418
LPHN1	165
LPHN2	1492
LPHN3	12
LPIN1	1349
LPIN2	6187
LPIN3	668.79
LPL	113
LPO	0
LPPR1	353
LPPR2	1208
LPPR3	0
LPPR4	12
LPPR5	0
LPP	241
LPXN	319
LQK1	91
LRAT	30
LRBA	1155
LRCH1	573
LRCH2	13
LRCH3	300
LRCH4	1327
LRDD	589
LRFN1	51
LRFN2	2
LRFN3	446
LRFN4	58
LRFN5	0
LRG1	14272
LRGUK	4
LRIG1	1871.93
LRIG2	133
LRIG3	476
LRIT1	0
LRIT2	0
LRIT3	5
LRMP	67
LRP10	4098
LRP11	1099
LRP12	103
LRP1B	3
LRP1	22853
LRP2BP	30
LRP2	7
LRP3	2997
LRP4	39
LRP5L	190
LRP5	7086
LRP6	1814
LRP8	16
LRPAP1	5983
LRPPRC	5278
LRRC10B	15
LRRC10	0
LRRC14B	0
LRRC14	1280.43
LRRC15	7
LRRC16A	243
LRRC16B	19
LRRC17	52
LRRC18	0
LRRC19	4
LRRC1	309
LRRC20	1856
LRRC23	120
LRRC24	24.62
LRRC25	177
LRRC26	1
LRRC27	177
LRRC28	898
LRRC29	80
LRRC2	390
LRRC30	0
LRRC31	72
LRRC32	831
LRRC33	133
LRRC34	28
LRRC36	2
LRRC37A2	101.2
LRRC37A3	89
LRRC37A4	61
LRRC37A	341
LRRC37B2	422
LRRC37B	87
LRRC39	8.15
LRRC3B	3
LRRC3	233
LRRC40	467
LRRC41	2311
LRRC42	1139
LRRC43	2
LRRC45	1305
LRRC46	35
LRRC47	2024
LRRC48	24
LRRC49	12
LRRC4B	54
LRRC4C	6
LRRC4	21
LRRC50	4
LRRC52	0
LRRC55	6
LRRC56	30
LRRC57	320
LRRC58	1172
LRRC59	5980.42
LRRC61	1058
LRRC66	6
LRRC67	0
LRRC69	4
LRRC6	9
LRRC70	43.71
LRRC7	1
LRRC8A	2996
LRRC8B	293
LRRC8C	220
LRRC8D	1619
LRRC8E	324
LRRCC1	203
LRRFIP1	2777
LRRFIP2	1891
LRRIQ1	0
LRRIQ3	8
LRRIQ4	1
LRRK1	57
LRRK2	167
LRRN1	2
LRRN2	55
LRRN3	5
LRRN4CL	2
LRRN4	3
LRRTM1	1
LRRTM2	4
LRRTM3	0
LRRTM4	1
LRSAM1	868
LRTM1	0
LRTM2	0
LRTOMT	292.52
LRWD1	748
LSAMP	2
LSG1	1312
LSM10	969
LSM11	226
LSM12	1507
LSM14A	3372
LSM14B	1348
LSM1	722
LSM2	1042
LSM3	1521
LSM4	3927
LSM5	901
LSM6	365
LSM7	1016
LSMD1	1081
LSP1	738
LSR	7817
LSS	3981
LST-3TM12	2
LST1	170
LTA4H	2175
LTA	10
LTB4R2	57.16
LTB4R	216
LTBP1	651
LTBP2	777
LTBP3	3473.29
LTBP4	1040
LTBR	5397
LTB	246
LTC4S	23.8
LTF	29
LTK	15
LTV1	802
LUC7L2	2199.23
LUC7L3	2205
LUC7L	681
LUM	698
LUZP1	497
LUZP2	2
LUZP4	0
LUZP6	3157
LXN	80
LY6D	0
LY6E	2500
LY6G5B	55
LY6G5C	42
LY6G6C	0
LY6G6D	0
LY6G6E	0
LY6G6F	0
LY6H	9
LY6K	8
LY75	78
LY86	98
LY96	147
LY9	29
LYAR	446
LYG1	17
LYG2	1
LYL1	99
LYNX1	1690
LYN	1093
LYPD1	205.21
LYPD2	0
LYPD3	34
LYPD4	0
LYPD5	17
LYPD6B	2
LYPD6	8
LYPLA1	2782
LYPLA2P1	149
LYPLA2	3376
LYPLAL1	1327
LYRM1	1489
LYRM2	1064.95
LYRM4	719
LYRM5	865
LYRM7	563
LYSMD1	429
LYSMD2	514
LYSMD3	939
LYSMD4	463.2
LYST	657
LYVE1	77
LYZL1	0
LYZL2	0
LYZL4	0
LYZL6	0
LYZ	6652
LZIC	483
LZTFL1	313
LZTR1	1808
LZTS1	170
LZTS2	1200
M6PR	2805.77
MAB21L1	1
MAB21L2	29
MACC1	9
MACF1	3741
MACROD1	635
MACROD2	91
MAD1L1	899
MAD2L1BP	845
MAD2L1	229
MAD2L2	1203
MADCAM1	4
MADD	1343
MAEA	1673
MAEL	7
MAF1	3596
MAFA	1
MAFB	1040
MAFF	848
MAFG	808
MAFK	1241.63
MAF	1648
MAGEA10	0
MAGEA11	0
MAGEA12	1
MAGEA1	19
MAGEA2	0
MAGEA3	1
MAGEA4	0
MAGEA5	0
MAGEA6	1
MAGEA8	0
MAGEA9B	0
MAGEB10	0
MAGEB16	0
MAGEB18	0
MAGEB1	0
MAGEB2	0
MAGEB3	0
MAGEB4	0
MAGEB6	0
MAGEC1	1
MAGEC2	4
MAGEC3	0
MAGED1	6098
MAGED2	5127
MAGED4B	26.65
MAGED4	24.61
MAGEE1	47
MAGEE2	0
MAGEF1	945
MAGEH1	436
MAGEL2	2
MAGI1	799
MAGI2	81
MAGI3	399
MAGIX	449
MAGOHB	444
MAGOH	983
MAGT1	5183
MAG	0
MAK16	383.52
MAK	3
MAL2	2660
MALAT1	1701.9
MALL	337
MALT1	619
MAL	8
MAMDC2	9
MAMDC4	309
MAML1	962.05
MAML2	70
MAML3	309
MAMLD1	196
MAMSTR	25
MAN1A1	3415
MAN1A2	696
MAN1B1	3106
MAN1C1	416
MAN2A1	1352
MAN2A2	2756
MAN2B1	4423
MAN2B2	2647
MAN2C1	2491
MANBAL	1699
MANBA	737
MANEAL	887
MANEA	765
MANF	3926
MANSC1	543
MAOA	6051
MAOB	9317
MAP1A	76
MAP1B	432
MAP1D	133
MAP1LC3A	786
MAP1LC3B2	309
MAP1LC3B	1886
MAP1LC3C	2
MAP1S	1093
MAP2K1	1687.09
MAP2K2	4859
MAP2K3	2290
MAP2K4	781
MAP2K5	520
MAP2K6	167
MAP2K7	1538
MAP2	582
MAP3K10	321
MAP3K11	6135
MAP3K12	75.1
MAP3K13	120.72
MAP3K14	847
MAP3K15	0
MAP3K1	649
MAP3K2	494
MAP3K3	869.68
MAP3K4	639
MAP3K5	427
MAP3K6	262
MAP3K7	641
MAP3K8	228
MAP3K9	67
MAP4K1	84
MAP4K2	477
MAP4K3	869
MAP4K4	4285
MAP4K5	607
MAP4	6753
MAP6D1	40
MAP6	46
MAP7D1	1335
MAP7D2	7
MAP7D3	168
MAP7	967
MAP9	15
MAPK10	17
MAPK11	265
MAPK12	222.32
MAPK13	143
MAPK14	2717
MAPK15	1
MAPK1IP1L	2381
MAPK1	3938
MAPK3	1320.85
MAPK4	28
MAPK6	2405
MAPK7	340.45
MAPK8IP1	276
MAPK8IP2	187
MAPK8IP3	941
MAPK8	306
MAPK9	1401
MAPKAP1	2546
MAPKAPK2	4806
MAPKAPK3	1326
MAPKAPK5	773.63
MAPKBP1	357
MAPKSP1	960
MAPRE1	1748
MAPRE2	1369
MAPRE3	674
MAPT	174
MARCH10	0
MARCH11	0
MARCH1	28
MARCH2	1692
MARCH3	69
MARCH4	6
MARCH5	1272
MARCH6	2297
MARCH7	1536
MARCH8	309
MARCH9	286
MARCKSL1	2143
MARCKS	2734
MARCO	11
MARK1	22
MARK2	1059
MARK3	1393
MARK4	1800
MARS2	351
MARS	2826.29
MARVELD1	136.54
MARVELD2	951
MARVELD3	289.77
MAS1L	0
MAS1	0
MASP1	2884
MASP2	6980
MAST1	37
MAST2	1127
MAST3	1289
MAST4	257
MASTL	323
MAT1A	30213
MAT2A	4618
MAT2B	2386
MATK	74
MATN1	1.23
MATN2	1167
MATN3	10
MATN4	1
MATR3	6801.7
MAVS	2933
MAX	1286
MAZ	6927.29
MBD1	1572
MBD2	1605
MBD3L1	0
MBD3L2	0
MBD3L5	0
MBD3	3710
MBD4	1140
MBD5	177
MBD6	2079
MBIP	494
MBL1P	10
MBL2	2054
MBLAC1	95
MBLAC2	239
MBNL1	2722.52
MBNL2	1973
MBNL3	453
MBOAT1	408
MBOAT2	20
MBOAT4	7
MBOAT7	1848
MBP	1367
MBTD1	633
MBTPS1	2972
MBTPS2	1103.89
MB	17
MC1R	75.25
MC2R	0
MC3R	0
MC4R	0
MC5R	0
MCAM	1950
MCART1	194
MCART2	6
MCART3P	0
MCART6	6
MCAT	701
MCCC1	1695
MCCC2	5142
MCCD1	1
MCC	443
MCEE	496
MCF2L2	8
MCF2L	474
MCF2	1
MCFD2	6268
MCHR1	82
MCHR2	0
MCL1	12462
MCM10	90
MCM2	1052
MCM3APAS	16.27
MCM3AP	2480.97
MCM3	2494
MCM4	1118
MCM5	2092
MCM6	1115
MCM7	3198.97
MCM8	208
MCM9	49
MCOLN1	1239
MCOLN2	12
MCOLN3	5
MCPH1	296
MCRS1	1689
MCTP1	56
MCTP2	38
MCTS1	1735
MDC1	1256
MDFIC	553
MDFI	45
MDGA1	75
MDGA2	0
MDH1B	3
MDH1	7180
MDH2	11111
MDK	4186
MDM1	162
MDM2	3015
MDM4	963
MDN1	859
MDP1	229.8
MDS2	1
ME1	651
ME2	740
ME3	170
MEA1	2682.96
MEAF6	1737
MECOM	179
MECP2	1102
MECR	762
MED10	706
MED11	615
MED12L	1
MED12	1136
MED13L	1207
MED13	2179
MED14	1217.85
MED15	2003
MED16	2339
MED17	553
MED18	570
MED19	344
MED1	1092
MED20	634
MED21	430
MED22	734
MED23	542
MED24	2556
MED25	1334
MED26	409
MED27	339
MED28	538
MED29	2642
MED30	334
MED31	172.7
MED4	1091
MED6	518
MED7	329
MED8	1605
MED9	751
MEF2A	1327.45
MEF2B	42.91
MEF2C	458
MEF2D	2405
MEFV	9
MEG3	59
MEG8	0
MEGF10	2
MEGF11	1
MEGF6	367
MEGF8	1472
MEGF9	2052
MEI1	19
MEIG1	2
MEIS1	153
MEIS2	407
MEIS3P1	74
MEIS3	29
MELK	200
MEMO1	793.83
MEN1	1588
MEOX1	10
MEOX2	28
MEP1A	9
MEP1B	1
MEPCE	2504
MEPE	0
MERTK	546
MESDC1	529
MESDC2	2499
MESP1	89
MESP2	32
MESTIT1	0
MEST	1315
METAP1	1107
METAP2	2659
METRNL	279
METRN	503
METT10D	559
METT11D1	1054
METT5D1	563
METTL10	360.19
METTL11A	988.38
METTL11B	0
METTL12	57.12
METTL13	1654
METTL14	411
METTL1	566
METTL2A	629
METTL2B	430
METTL3	854.2
METTL4	203
METTL5	961.87
METTL6	324
METTL7A	18685
METTL7B	6076
METTL8	310
METTL9	917
MET	4960
MEX3A	151
MEX3B	43
MEX3C	665
MEX3D	474
MFAP1	969
MFAP2	43
MFAP3L	420
MFAP3	987
MFAP4	220
MFAP5	3
MFF	1893
MFGE8	913
MFHAS1	281
MFI2	62
MFN1	640
MFN2	4765
MFNG	267
MFRP	488
MFSD10	716
MFSD11	718.49
MFSD1	2284
MFSD2A	344
MFSD2B	40
MFSD3	1437
MFSD4	39
MFSD5	1084
MFSD6L	1
MFSD6	341
MFSD7	136.52
MFSD8	467
MFSD9	302
MGAM	5
MGAT1	9067
MGAT2	1950
MGAT3	32
MGAT4A	1000
MGAT4B	10508
MGAT4C	3
MGAT5B	4
MGAT5	40
MGA	697
MGC12916	25
MGC12982	114
MGC14436	5
MGC15885	0
MGC16025	0
MGC16121	11
MGC16142	11
MGC16275	48
MGC16384	3
MGC16703	1.35
MGC21881	67
MGC23270	33
MGC23284	76
MGC26647	0
MGC27382	8
MGC2752	546
MGC2889	0
MGC29506	30
MGC34034	0
MGC3771	14.22
MGC42105	5
MGC4473	0
MGC45800	0
MGC57346	83
MGC70857	2113
MGC72080	245.64
MGC87042	26
MGEA5	3572
MGLL	5093
MGMT	2188
MGP	892
MGRN1	3173
MGST1	23930
MGST2	4116
MGST3	3262
MIA2	311
MIA3	5466
MIAT	42
MIA	2.13
MIB1	1377
MIB2	870
MICAL1	411.61
MICAL2	1380
MICAL3	2455
MICALCL	6
MICALL1	797
MICALL2	566
MICA	447
MICB	145
MID1IP1	3010
MID1	576
MID2	576
MIDN	2057
MIER1	1035
MIER2	473
MIER3	630
MIF4GD	745.23
MIF	11763.02
MIIP	868
MIMT1	0
MINA	1158.18
MINK1	1749.2
MINPP1	1161
MIOS	479
MIOX	2
MIPEP	441
MIPOL1	62
MIP	4
MIR155HG	10
MIR17HG	38
MIS12	430
MITD1	345
MITF	108
MIXL1	0
MKI67IP	1060
MKI67	981
MKKS	2381
MKL1	1035
MKL2	660
MKLN1	2073
MKNK1	722.19
MKNK2	4347
MKRN1	2959
MKRN2	896.14
MKRN3	13
MKS1	281
MKX	8
MLANA	4
MLC1	7
MLEC	10642
MLF1IP	395.01
MLF1	15
MLF2	9124
MLH1	1058
MLH3	674
MLKL	241
MLL2	1771.36
MLL3	1497
MLL4	1664
MLL5	1105.15
MLLT10	901
MLLT11	93
MLLT1	1954
MLLT3	55
MLLT4	3309
MLLT6	2347
MLL	1125
MLNR	0
MLN	0
MLPH	936
MLST8	1605.04
MLXIPL	11316
MLXIP	750
MLX	2907.93
MLYCD	1002
MMAA	675
MMAB	2824
MMACHC	670
MMADHC	3062
MMD2	0
MMD	601
MMEL1	1.07
MME	132
MMGT1	685
MMP10	2
MMP11	526
MMP12	6
MMP13	0
MMP14	2394
MMP15	4087
MMP16	4
MMP17	11
MMP19	474
MMP1	19
MMP20	0
MMP21	1
MMP23A	0
MMP23B	52
MMP24	508
MMP25	47.37
MMP26	0
MMP27	0
MMP28	26
MMP2	798
MMP3	0
MMP7	49
MMP8	0
MMP9	297
MMRN1	76
MMRN2	904
MMS19	1405
MN1	65
MNAT1	307
MND1	71
MNDA	75
MNS1	90
MNT	523
MNX1	0
MOAP1	953
MOB2	950
MOBKL1A	495
MOBKL1B	496
MOBKL2A	842
MOBKL2B	258
MOBKL2C	400
MOBKL3	927
MOBP	0
MOCOS	953
MOCS1	2018.56
MOCS2	2088
MOCS3	357
MOGAT1	4
MOGAT2	67
MOGAT3	561
MOGS	3209
MOG	0
MON1A	540
MON1B	789
MON2	1221
MORC1	0
MORC2	1482
MORC3	744
MORC4	1052
MORF4L1	4677
MORF4L2	7156
MORF4	4
MORN1	52
MORN2	314
MORN3	1
MORN4	97
MORN5	0
MOSC1	1660
MOSC2	2691
MOSPD1	342
MOSPD2	269
MOSPD3	1011
MOS	0
MOV10L1	16
MOV10	3093
MOXD1	67
MPDU1	3086.01
MPDZ	1452
MPEG1	848
MPG	1671
MPHOSPH10	1297
MPHOSPH6	301
MPHOSPH8	757
MPHOSPH9	292
MPI	1390
MPL	20
MPND	1786
MPO	2
MPP1	1188
MPP2	9
MPP3	39
MPP4	1
MPP5	957
MPP6	251
MPP7	200
MPPE1	1259
MPPED1	139
MPPED2	28
MPRIP	1880
MPST	12143
MPV17L2	721
MPV17L	498
MPV17	835
MPZL1	2706
MPZL2	935
MPZL3	30
MPZ	134
MR1	263
MRAP2	75
MRAP	2.31
MRAS	524
MRC1	394
MRC2	364
MRE11A	322
MREG	262
MRFAP1L1	2135
MRFAP1	9900
MRGPRD	0
MRGPRE	0
MRGPRF	94
MRGPRG	0
MRGPRX1	0
MRGPRX2	0
MRGPRX3	0
MRGPRX4	0
MRI1	672
MRM1	318
MRO	51
MRP63	2036.93
MRPL10	1549
MRPL11	1614
MRPL12	4113
MRPL13	1870
MRPL14	2914
MRPL15	2400
MRPL16	1997
MRPL17	1380
MRPL18	1822
MRPL19	2270
MRPL1	667
MRPL20	2709.53
MRPL21	1396
MRPL22	1077
MRPL23	2143
MRPL24	5001
MRPL27	2225
MRPL28	2586
MRPL2	2231
MRPL30	1341
MRPL32	1649
MRPL33	868
MRPL34	2507
MRPL35	1380
MRPL36	952
MRPL37	4053
MRPL38	2895.75
MRPL39	685
MRPL3	2065
MRPL40	1994
MRPL41	2725
MRPL42P5	8.04
MRPL42	1012
MRPL43	2387.44
MRPL44	1472
MRPL45	1674
MRPL46	1375
MRPL47	1077
MRPL48	795
MRPL49	2438
MRPL4	2532
MRPL50	667
MRPL51	3541
MRPL52	1388
MRPL53	1495.53
MRPL54	1605
MRPL55	2431
MRPL9	1961.93
MRPS10	1842
MRPS11	1402
MRPS12	1727
MRPS14	886
MRPS15	3299
MRPS16	3719.41
MRPS17	741.89
MRPS18A	1857
MRPS18B	3796
MRPS18C	591.61
MRPS21	2990
MRPS22	1290
MRPS23	1285
MRPS24	3131
MRPS25	2236.67
MRPS26	2245
MRPS27	2353
MRPS28	1202.5
MRPS2	2136.59
MRPS30	860
MRPS31	664
MRPS33	1507
MRPS34	2707
MRPS35	2927
MRPS36	936
MRPS5	2502
MRPS6	891.62
MRPS7	2698.21
MRPS9	1055
MRRF	752
MRS2P2	1
MRS2	1156
MRTO4	1182
MRVI1	156
MS4A10	0
MS4A12	0
MS4A13	0
MS4A14	20.04
MS4A15	0
MS4A1	11
MS4A2	3
MS4A3	0
MS4A4A	240
MS4A5	0
MS4A6A	590
MS4A6E	0
MS4A7	415.99
MS4A8B	0
MSC	113.32
MSGN1	0
MSH2	688
MSH3	673.38
MSH4	1
MSH5	384.62
MSH6	1778
MSI1	49
MSI2	178
MSL1	2197
MSL2	841
MSL3L2	220
MSL3	557
MSLNL	0
MSLN	1
MSMB	1
MSMP	31
MSN	7267
MSR1	298
MSRA	702
MSRB2	1913
MSRB3	235
MST1P2	1911
MST1P9	730
MST1R	20
MST1	10523
MST4	231
MSTN	3
MSTO1	1269.01
MSTO2P	145.67
MSX1	60
MSX2P1	1
MSX2	1
MT1A	150
MT1B	0
MT1DP	8
MT1E	1155
MT1F	128
MT1G	423
MT1H	18
MT1IP	0
MT1L	58
MT1M	49
MT1X	1769
MT2A	6828
MT3	1
MT4	0
MTA1	1198
MTA2	2071
MTA3	725
MTAP	810
MTBP	71
MTCH1	5668
MTCH2	5957
MTCP1NB	652.6
MTCP1	27.18
MTDH	7134
MTERFD1	707
MTERFD2	446
MTERFD3	599
MTERF	284
MTF1	375
MTF2	379
MTFMT	389
MTFR1	1655.18
MTG1	1532
MTHFD1L	380
MTHFD1	6814.98
MTHFD2L	250.88
MTHFD2	145
MTHFR	820
MTHFSD	384
MTHFS	3211
MTIF2	1628
MTIF3	1408
MTL5	68
MTM1	615
MTMR10	1625.49
MTMR11	288
MTMR12	1231
MTMR14	1697
MTMR15	727.54
MTMR1	728
MTMR2	405
MTMR3	1153
MTMR4	2304
MTMR6	832
MTMR7	78.11
MTMR8	5
MTMR9L	91
MTMR9	219
MTNR1A	0
MTNR1B	0
MTO1	856
MTOR	2520
MTP18	973.9
MTPAP	719
MTRF1L	318
MTRF1	234
MTRR	1036
MTR	1298
MTSS1L	4124
MTSS1	5749
MTTP	6233
MTUS1	2847
MTUS2	2
MTVR2	0
MTX1	2142.92
MTX2	938
MTX3	562
MUC12	3
MUC13	671
MUC15	0
MUC16	0
MUC17	0
MUC1	34
MUC20	276
MUC21	0
MUC2	0
MUC4	6
MUC5B	7
MUC6	7
MUC7	0
MUCL1	0
MUDENG	794
MUL1	1325
MUM1L1	7
MUM1	1480
MURC	10
MUS81	854
MUSK	0
MUSTN1	127.14
MUTED	549
MUTYH	325.11
MUT	3518
MVD	2190
MVK	1768
MVP	6751
MX1	1596
MX2	195
MXD1	383
MXD3	561.21
MXD4	2284
MXI1	1358
MXRA5	148
MXRA7	1470
MXRA8	279
MYADML2	1
MYADML	0
MYADM	2267
MYBBP1A	1367.09
MYBL1	134
MYBL2	450
MYBPC1	3
MYBPC2	0
MYBPC3	1
MYBPHL	1
MYBPH	1
MYB	12
MYCBP2	836
MYCBPAP	2
MYCBP	577
MYCL1	593
MYCNOS	1
MYCN	24
MYCT1	226
MYC	1764
MYD88	1931
MYEF2	19
MYEOV2	1013
MYEOV	7
MYF5	0
MYF6	0
MYH10	1639
MYH11	537.24
MYH13	0
MYH14	6564
MYH15	1
MYH16	0
MYH1	0
MYH2	0
MYH3	46
MYH4	4
MYH6	0
MYH7B	25
MYH7	0
MYH8	0
MYH9	29243
MYL10	0
MYL12A	10237
MYL12B	12197
MYL1	0
MYL2	0
MYL3	2
MYL4	4
MYL5	344.19
MYL6B	787
MYL6	20843
MYL7	0
MYL9	1925
MYLIP	266
MYLK2	3
MYLK3	9
MYLK4	23
MYLK	2738.63
MYLPF	0
MYNN	501
MYO10	272
MYO15A	12
MYO15B	1562
MYO16	52
MYO18A	4541.66
MYO18B	6
MYO19	1074.28
MYO1A	36
MYO1B	9100
MYO1C	5216
MYO1D	1954
MYO1E	1652
MYO1F	390
MYO1G	104
MYO1H	1
MYO3A	0
MYO3B	2
MYO5A	406
MYO5B	1645
MYO5C	514.61
MYO6	1440
MYO7A	957
MYO7B	55
MYO9A	64
MYO9B	2483
MYOCD	7
MYOC	0
MYOD1	0
MYOF	358
MYOG	0
MYOM1	1334
MYOM2	24
MYOM3	8
MYOT	0
MYOZ1	4
MYOZ2	0
MYOZ3	6
MYPN	0
MYPOP	302
MYRIP	683
MYSM1	51
MYST1	935
MYST2	1049
MYST3	804
MYST4	482
MYT1L	0
MYT1	4
MZF1	393.43
N4BP1	1058
N4BP2L1	772
N4BP2L2	1266
N4BP2	136
N4BP3	64
N6AMT1	271
N6AMT2	220
NAA10	2003
NAA11	0
NAA15	990
NAA16	251
NAA20	2882
NAA25	524
NAA30	802
NAA35	371
NAA38	604
NAA40	413
NAA50	3384
NAAA	646
NAALAD2	13
NAALADL1	57
NAALADL2	41
NAB1	1232
NAB2	804
NACA2	198
NACAD	10
NACAP1	228
NACA	21692
NACC1	2301
NACC2	96
NADK	2723
NADSYN1	1509
NAE1	1009
NAF1	164
NAGA	2308
NAGK	1253
NAGLU	3030
NAGPA	827.47
NAGS	989
NAIF1	384
NAIP	41
NALCN	10
NAMPT	5128
NANOG	1
NANOS1	233
NANOS2	0
NANOS3	1
NANP	287
NANS	1633.15
NAP1L1	6347
NAP1L2	31
NAP1L3	15
NAP1L4	3555
NAP1L5	117
NAP1L6	0
NAPA	7468.47
NAPB	329
NAPEPLD	547.71
NAPG	901
NAPRT1	5413
NAPSA	8
NAPSB	78
NARFL	1161
NARF	1564
NARG2	764
NARS2	838
NARS	4555
NASP	2398
NAT10	1515
NAT14	173
NAT15	3722
NAT1	156
NAT2	113
NAT6	349.36
NAT8B	38
NAT8L	4
NAT8	1435
NAT9	1033
NAV1	243
NAV2	1385.36
NAV3	57
NBAS	1477
NBEAL1	124
NBEAL2	625
NBEA	28
NBL1	349.06
NBLA00301	6
NBN	1534
NBPF10	416.84
NBPF14	241
NBPF15	254.14
NBPF16	43
NBPF1	497
NBPF22P	0
NBPF3	45
NBPF4	0
NBPF6	0
NBPF7	1
NBPF9	291.41
NBR1	5979
NBR2	241
NCALD	594
NCAM1	20
NCAM2	5
NCAN	2
NCAPD2	980
NCAPD3	454
NCAPG2	413
NCAPG	432.07
NCAPH2	1650
NCAPH	185
NCBP1	1021.73
NCBP2	1741
NCCRP1	3
NCDN	559
NCEH1	244
NCF1B	20
NCF1C	23
NCF1	64
NCF2	264
NCF4	181
NCK1	718
NCK2	607
NCKAP1L	255
NCKAP1	3496
NCKAP5L	585
NCKAP5	53
NCKIPSD	1219
NCLN	4049
NCL	14969
NCOA1	1326
NCOA2	819
NCOA3	1306
NCOA4	10278
NCOA5	983
NCOA6	1502
NCOA7	1173
NCOR1	1550
NCOR2	3326
NCR1	1
NCR2	0
NCR3	12
NCRNA00028	0
NCRNA00029	0
NCRNA00032	0
NCRNA00051	0
NCRNA00052	0
NCRNA00081	452.11
NCRNA00085	14
NCRNA00086	7
NCRNA00087	44
NCRNA00092	5
NCRNA00093	9.76
NCRNA00094	478.1
NCRNA00095	38
NCRNA00099	0
NCRNA00105	143.05
NCRNA00107	11
NCRNA00110	0
NCRNA00111	0
NCRNA00112	0
NCRNA00113	0
NCRNA00114	0
NCRNA00115	32
NCRNA00116	594
NCRNA00119	0
NCRNA00120	24
NCRNA00152	465
NCRNA00157	0
NCRNA00158	0
NCRNA00159	0
NCRNA00160	0
NCRNA00161	0
NCRNA00162	0
NCRNA00164	0
NCRNA00167	3
NCRNA00169	1
NCRNA00171	21.22
NCRNA00173	2
NCRNA00174	205
NCRNA00175	0
NCRNA00176	33
NCRNA00181	240.05
NCRNA00182	25
NCRNA00183	346
NCRNA00185	4
NCRNA00188	5885
NCRNA00189	2
NCRNA00200	0
NCRNA00201	881.62
NCRNA00202	5
NCRNA00203	0
NCRNA00204B	15
NCRNA00207	0
NCRNA00219	409
NCRNA00230B	0
NCRNA00235	1
NCS1	271
NCSTN	5712.42
NDC80	238
NDE1	263.29
NDEL1	841
NDFIP1	7556
NDFIP2	1179
NDNL2	577
NDN	144
NDOR1	841
NDP	0
NDRG1	6616
NDRG2	6273
NDRG3	936
NDRG4	26
NDST1	5065
NDST2	581
NDST3	1
NDST4	0
NDUFA10	3993
NDUFA11	5026
NDUFA12	1662
NDUFA13	6530.92
NDUFA1	5042
NDUFA2	3617
NDUFA3	2096
NDUFA4L2	699
NDUFA4	9091
NDUFA5	2199
NDUFA6	3358
NDUFA7	1795
NDUFA8	1773
NDUFA9	2672
NDUFAB1	2388
NDUFAF1	940
NDUFAF2	368
NDUFAF3	2486
NDUFAF4	621
NDUFB10	3495
NDUFB11	4318
NDUFB1	2163
NDUFB2	3382.97
NDUFB3	1507
NDUFB4	3702
NDUFB5	2619
NDUFB6	2029
NDUFB7	4030
NDUFB8	4163.07
NDUFB9	9198
NDUFC1	1495
NDUFC2	6900
NDUFS1	2938
NDUFS2	8097
NDUFS3	3269.82
NDUFS4	1724
NDUFS5	4220
NDUFS6	3468
NDUFS7	3339.33
NDUFS8	3438
NDUFV1	7858
NDUFV2	5403
NDUFV3	1754
NEAT1	9951
NEBL	55
NEB	196
NECAB1	21
NECAB2	240
NECAB3	1544
NECAP1	795
NECAP2	1708
NEDD1	323
NEDD4L	1946
NEDD4	1508
NEDD8	3725
NEDD9	1247
NEFH	12
NEFL	1
NEFM	0
NEGR1	3
NEIL1	255
NEIL2	378
NEIL3	43
NEK10	10
NEK11	31
NEK1	238
NEK2	274
NEK3	268
NEK4	683
NEK5	0
NEK6	2581
NEK7	1797
NEK8	178
NEK9	2621
NELF	1234
NELL1	0
NELL2	23
NENF	2815
NEO1	1060
NES	1385
NET1	1975
NETO1	0
NETO2	68
NEU1	4704
NEU2	0
NEU3	63
NEU4	693
NEURL1B	892
NEURL2	109
NEURL3	104
NEURL4	531.52
NEURL	15
NEUROD1	0
NEUROD2	0
NEUROD4	0
NEUROD6	0
NEUROG1	0
NEUROG2	0
NEUROG3	0
NEXN	92
NF1P1	0
NF1	1643
NF2	1115
NFAM1	134
NFASC	192.8
NFAT5	934
NFATC1	180
NFATC2IP	833
NFATC2	30
NFATC3	893
NFATC4	177
NFE2L1	13075
NFE2L2	3299
NFE2L3	202
NFE2	5
NFIA	2165
NFIB	1734
NFIC	1656
NFIL3	1735
NFIX	2209
NFKB1	1361
NFKB2	2438
NFKBIA	4625
NFKBIB	1436
NFKBID	18
NFKBIE	834
NFKBIL1	1128
NFKBIL2	461.94
NFKBIZ	527
NFRKB	866
NFS1	1598
NFU1	803
NFX1	1608
NFXL1	270
NFYA	991
NFYB	1224
NFYC	1823.91
NGB	0
NGDN	906
NGEF	1463
NGFRAP1	2796
NGFR	191
NGF	20
NGLY1	940
NGRN	3676.4
NHEDC1	3
NHEDC2	797
NHEG1	0
NHEJ1	453.25
NHLH1	2
NHLH2	0
NHLRC1	272
NHLRC2	115
NHLRC3	812
NHLRC4	11
NHP2L1	3607
NHP2	2722
NHSL1	1322
NHSL2	12
NHS	18
NICN1	519.45
NID1	5617.85
NID2	316
NIF3L1	691
NINJ1	3323
NINJ2	233
NINL	537
NIN	838
NIP7	676
NIPA1	654
NIPA2	1251
NIPAL1	28
NIPAL2	174
NIPAL3	402
NIPAL4	1
NIPBL	1740
NIPSNAP1	9071
NIPSNAP3A	887
NIPSNAP3B	29.03
NISCH	2390
NIT1	2270.28
NIT2	2676
NKAIN1	1
NKAIN2	4
NKAIN3	0
NKAIN4	0
NKAPL	6
NKAP	762
NKD1	54
NKD2	36
NKG7	155
NKIRAS1	407
NKIRAS2	1707
NKPD1	3
NKRF	426
NKTR	1233
NKX1-2	0
NKX2-1	0
NKX2-2	0
NKX2-3	1
NKX2-4	0
NKX2-5	0
NKX2-6	0
NKX2-8	0
NKX3-1	61
NKX3-2	1
NKX6-1	0
NKX6-2	0
NKX6-3	0
NLE1	514
NLGN1	1
NLGN2	231
NLGN3	10
NLGN4X	37
NLGN4Y	28
NLK	760
NLN	688
NLRC3	76
NLRC4	35
NLRC5	651
NLRP10	0
NLRP11	33
NLRP12	2
NLRP13	0
NLRP14	2
NLRP1	247
NLRP2	7
NLRP3	36
NLRP4	0
NLRP5	0
NLRP6	32
NLRP7	0
NLRP8	0
NLRP9	6
NLRX1	739
NMBR	0
NMB	127
NMD3	1861
NME1-NME2	218.67
NME1	3487.68
NME2P1	131
NME2	11543.08
NME3	1202
NME4	3305
NME5	3
NME6	338
NME7	280.17
NMI	762
NMNAT1	348
NMNAT2	9
NMNAT3	170
NMRAL1	1672
NMS	0
NMT1	4650
NMT2	1073
NMUR1	19
NMUR2	0
NMU	0
NNAT	4
NNMT	6896
NNT	5119
NOB1	1418
NOBOX	0
NOC2L	3102.17
NOC3L	438
NOC4L	838
NOD1	249
NOD2	52
NODAL	5
NOG	0
NOL10	1066
NOL11	1558
NOL12	476.58
NOL3	728.94
NOL4	1
NOL6	1607
NOL7	1377
NOL8	709
NOL9	175
NOLC1	2534
NOM1	606
NOMO1	5572
NOMO2	2290
NOMO3	2248
NONO	10930
NOP10	2458
NOP14	1651.59
NOP16	607
NOP2	1294
NOP56	2485
NOP58	2099
NOS1AP	78
NOS1	0
NOS2	29
NOS3	299.95
NOSIP	1591
NOSTRIN	129
NOTCH1	1080
NOTCH2NL	1063.08
NOTCH2	2765
NOTCH3	1525
NOTCH4	764
NOTO	0
NOTUM	261
NOVA1	14
NOVA2	59
NOV	73
NOX1	2
NOX3	0
NOX4	36
NOX5	1
NOXA1	322
NOXO1	14
NPAS1	8
NPAS2	764
NPAS3	4
NPAS4	0
NPAT	331
NPBWR1	1
NPBWR2	0
NPB	18
NPC1L1	894
NPC1	1327.87
NPC2	4438
NPDC1	558
NPEPL1	1132
NPEPPS	1636
NPFFR1	0
NPFFR2	1
NPFF	12
NPHP1	20
NPHP3	311
NPHP4	123
NPHS1	0
NPHS2	0
NPIPL3	694.07
NPIP	805.01
NPLOC4	5334
NPL	518
NPM1	10894
NPM2	50
NPM3	454
NPNT	240
NPPA	2
NPPB	0
NPPC	0
NPR1	332
NPR2	680
NPR3	28
NPRL2	777.61
NPRL3	1149
NPSR1	0
NPS	0
NPTN	2712
NPTX1	2
NPTX2	20
NPTXR	59
NPVF	0
NPW	90
NPY1R	50
NPY2R	0
NPY5R	2
NPY6R	2
NPY	0
NQO1	593
NQO2	2673
NR0B1	0
NR0B2	1804
NR1D1	1260.72
NR1D2	1367
NR1H2	2955
NR1H3	2481
NR1H4	2500
NR1I2	952
NR1I3	1982.33
NR2C1	562
NR2C2AP	687.69
NR2C2	657.87
NR2E1	1
NR2E3	2
NR2F1	318
NR2F2	1522
NR2F6	3943
NR3C1	2397
NR3C2	234
NR4A1	912
NR4A2	147
NR4A3	64
NR5A1	1
NR5A2	1966
NR6A1	16
NRADDP	1
NRAP	14.52
NRARP	248
NRAS	2117
NRBF2	915
NRBP1	3963
NRBP2	3834
NRCAM	61
NRD1	5023
NRF1	415
NRG1	17
NRG2	8
NRG3	2
NRG4	6
NRGN	103
NRIP1	1467
NRIP2	83
NRIP3	8
NRK	1
NRL	80.33
NRM	405
NRN1L	5.58
NRN1	92
NRP1	3167
NRP2	404
NRSN1	0
NRSN2	246
NRTN	191
NRXN1	0
NRXN2	128
NRXN3	29
NSA2	2524
NSD1	1655
NSDHL	1801
NSFL1C	3461
NSF	1589
NSL1	1120
NSMAF	444
NSMCE1	1986
NSMCE2	732
NSMCE4A	968
NSUN2	2445
NSUN3	135
NSUN4	672
NSUN5P1	202
NSUN5P2	518.55
NSUN5	1199
NSUN6	865
NSUN7	3
NT5C1A	0
NT5C1B	2
NT5C2	1506
NT5C3L	1510
NT5C3	461
NT5C	722
NT5DC1	1064
NT5DC2	631.59
NT5DC3	469
NT5E	1602
NT5M	85
NTAN1	1054
NTF3	9
NTF4	0
NTHL1	1191
NTM	21
NTN1	514
NTN3	4
NTN4	452
NTN5	6
NTNG1	0
NTNG2	8
NTRK1	1
NTRK2	24
NTRK3	3
NTSR1	3
NTSR2	0
NTS	6
NUAK1	656
NUAK2	356
NUB1	2832.89
NUBP1	790.34
NUBP2	2315
NUBPL	360
NUCB1	20078
NUCB2	2350.83
NUCKS1	12992
NUDCD1	538
NUDCD2	909
NUDCD3	3138
NUDC	4917
NUDT10	1
NUDT11	2
NUDT12	801
NUDT13	157.51
NUDT14	679
NUDT15	485.9
NUDT16L1	1294
NUDT16P1	212
NUDT16	1916
NUDT17	46
NUDT18	180
NUDT19	562
NUDT1	308
NUDT21	1538
NUDT22	980.03
NUDT2	720
NUDT3	678
NUDT4	1019
NUDT5	2483.93
NUDT6	307.47
NUDT7	662
NUDT8	442
NUDT9P1	3
NUDT9	1390
NUF2	181
NUFIP1	254
NUFIP2	2715
NUMA1	6125.9
NUMBL	236
NUMB	2026
NUP107	890
NUP133	1416
NUP153	1598
NUP155	512
NUP160	1190
NUP188	1136
NUP205	1062
NUP210L	0
NUP210	2143
NUP214	1940
NUP35	407
NUP37	412
NUP43	670
NUP50	1751
NUP54	689
NUP62CL	13
NUP62	1761.89
NUP85	1252
NUP88	1155.38
NUP93	708
NUP98	2751
NUPL1	872
NUPL2	731
NUPR1	8790
NUS1	1841
NUSAP1	738
NUTF2	2499
NVL	565
NWD1	1
NXF1	2251
NXF2B	0
NXF2	0
NXF3	1
NXF4	0
NXF5	0
NXNL1	0
NXNL2	0
NXN	272
NXPH1	0
NXPH2	0
NXPH3	21
NXPH4	42
NXT1	446
NXT2	449
NYNRIN	378
NYX	0
OAF	8172
OAS1	1190
OAS2	901
OAS3	1077
OASL	621
OAT	809
OAZ1	15930
OAZ2	3006
OAZ3	36.28
OBFC1	548
OBFC2A	277
OBFC2B	1161
OBP2A	0
OBP2B	0
OBSCN	77
OBSL1	2059
OC90	0
OCA2	4
OCEL1	1337
OCIAD1	5007
OCIAD2	2173
OCLM	2
OCLN	856
OCM2	0
OCM	1
OCRL	1224
ODAM	0
ODC1	3484
ODF1	0
ODF2L	82
ODF2	823
ODF3B	397
ODF3L1	10
ODF3L2	5
ODF3	0
ODF4	0
ODZ1	61
ODZ2	37
ODZ3	2
ODZ4	6
OFD1	627
OGDHL	2666
OGDH	5306
OGFOD1	961
OGFOD2	885.97
OGFRL1	127
OGFR	3568
OGG1	786.71
OGN	19
OGT	2812
OIP5	93.65
OIT3	264
OLA1	2093
OLAH	0
OLFM1	41
OLFM2	2333
OLFM3	0
OLFM4	1
OLFML1	243
OLFML2A	393
OLFML2B	296
OLFML3	228
OLIG1	0
OLIG2	0
OLIG3	0
OLR1	15
OMA1	667
OMD	5
OMG	1
OMP	2
ONECUT1	183
ONECUT2	2632
ONECUT3	0
OOEP	0
OPA1	2241
OPA3	1027
OPALIN	0
OPCML	2
OPHN1	53
OPLAH	2648
OPN1LW	0
OPN1MW	0
OPN1SW	2
OPN3	1184.66
OPN4	0
OPN5	0
OPRD1	0
OPRK1	0
OPRL1	31
OPRM1	0
OPTC	0
OPTN	4892
OR10A2	0
OR10A3	0
OR10A4	0
OR10A5	0
OR10A6	0
OR10A7	0
OR10AD1	0
OR10AG1	0
OR10C1	0
OR10G2	0
OR10G3	0
OR10G4	0
OR10G7	0
OR10G8	0
OR10G9	0
OR10H1	0
OR10H2	0
OR10H3	0
OR10H4	0
OR10H5	0
OR10J1	0
OR10J3	0
OR10J5	0
OR10K1	0
OR10K2	0
OR10P1	0
OR10Q1	0
OR10R2	0
OR10S1	0
OR10T2	0
OR10V1	0
OR10W1	0
OR10X1	0
OR10Z1	0
OR11A1	0
OR11G2	0
OR11H12	0
OR11H1	0
OR11H4	0
OR11H6	0
OR11L1	0
OR12D2	0
OR12D3	0
OR13A1	0
OR13C2	0
OR13C3	0
OR13C4	0
OR13C5	0
OR13C8	0
OR13C9	0
OR13D1	0
OR13F1	0
OR13G1	0
OR13H1	0
OR13J1	0
OR14A16	0
OR14C36	0
OR14I1	0
OR14J1	0
OR1A1	0
OR1A2	0
OR1B1	0
OR1C1	0
OR1D2	0
OR1D4	0
OR1E1	0
OR1E2	0
OR1F1	0
OR1F2P	0
OR1G1	0
OR1I1	0
OR1J1	0
OR1J2	0
OR1J4	0
OR1K1	0
OR1L1	0
OR1L3	0
OR1L4	0
OR1L6	0
OR1L8	0
OR1M1	0
OR1N1	0
OR1N2	0
OR1Q1	0
OR1S1	0
OR1S2	0
OR2A12	0
OR2A14	0
OR2A1	3
OR2A25	0
OR2A2	0
OR2A4	24
OR2A5	0
OR2A7	177
OR2A9P	124
OR2AE1	0
OR2AG1	0
OR2AG2	0
OR2AK2	0
OR2AT4	0
OR2B11	0
OR2B2	0
OR2B3	0
OR2B6	2
OR2C1	0
OR2C3	0
OR2D2	0
OR2D3	0
OR2F1	0
OR2F2	0
OR2G2	0
OR2G3	0
OR2G6	0
OR2H1	0
OR2H2	0
OR2J2	0
OR2J3	0
OR2K2	0
OR2L13	0
OR2L1P	0
OR2L2	0
OR2L3	0
OR2L8	0
OR2M1P	0
OR2M2	0
OR2M3	0
OR2M4	0
OR2M5	0
OR2M7	0
OR2S2	0
OR2T10	0
OR2T11	0
OR2T12	0
OR2T1	0
OR2T27	0
OR2T29	0
OR2T2	0
OR2T33	0
OR2T34	0
OR2T35	0
OR2T3	0
OR2T4	0
OR2T5	0
OR2T6	0
OR2T8	0
OR2V2	0
OR2W1	0
OR2W3	0
OR2W5	0
OR2Y1	0
OR2Z1	0
OR3A1	0
OR3A2	0
OR3A3	0
OR3A4	0
OR4A15	0
OR4A16	0
OR4A47	0
OR4A5	0
OR4B1	0
OR4C11	0
OR4C12	0
OR4C13	0
OR4C15	0
OR4C16	0
OR4C3	0
OR4C45	0
OR4C46	0
OR4C6	0
OR4D10	0
OR4D11	0
OR4D1	0
OR4D2	0
OR4D5	0
OR4D6	0
OR4D9	0
OR4E2	0
OR4F15	0
OR4F17	0
OR4F21	0
OR4F29	1
OR4F4	0
OR4F5	0
OR4F6	0
OR4K13	0
OR4K14	0
OR4K15	0
OR4K17	0
OR4K1	0
OR4K2	0
OR4K5	0
OR4L1	0
OR4M1	0
OR4M2	0
OR4N2	0
OR4N3P	0
OR4N4	0
OR4N5	0
OR4P4	0
OR4Q3	0
OR4S1	0
OR4S2	0
OR4X1	0
OR4X2	0
OR51A2	0
OR51A4	0
OR51A7	0
OR51B2	0
OR51B4	0
OR51B5	0
OR51B6	0
OR51D1	0
OR51E1	20
OR51E2	2
OR51F1	0
OR51F2	0
OR51G1	0
OR51G2	0
OR51I1	0
OR51I2	0
OR51L1	0
OR51M1	0
OR51Q1	0
OR51S1	0
OR51T1	0
OR51V1	0
OR52A1	0
OR52A4	0
OR52A5	0
OR52B2	0
OR52B4	0
OR52B6	0
OR52D1	0
OR52E2	0
OR52E4	0
OR52E6	0
OR52E8	0
OR52H1	0
OR52I1	0
OR52I2	0
OR52J3	0
OR52K1	0
OR52K2	0
OR52L1	0
OR52M1	0
OR52N1	0
OR52N2	0
OR52N4	1
OR52N5	0
OR52R1	0
OR52W1	0
OR56A1	0
OR56A3	0
OR56A4	0
OR56A5	0
OR56B1	0
OR56B4	1
OR5A1	0
OR5A2	0
OR5AC2	0
OR5AK2	0
OR5AN1	0
OR5AP2	0
OR5AR1	0
OR5AS1	0
OR5AU1	0
OR5B12	0
OR5B17	0
OR5B21	0
OR5B2	0
OR5B3	0
OR5C1	0
OR5D13	0
OR5D14	0
OR5D16	0
OR5D18	0
OR5E1P	0
OR5F1	0
OR5H14	0
OR5H15	0
OR5H1	0
OR5H2	0
OR5H6	0
OR5I1	0
OR5J2	0
OR5K1	0
OR5K2	0
OR5K3	0
OR5K4	0
OR5L1	0
OR5L2	0
OR5M10	0
OR5M11	0
OR5M1	0
OR5M3	0
OR5M8	0
OR5M9	0
OR5P2	0
OR5P3	0
OR5R1	0
OR5T1	0
OR5T2	0
OR5T3	0
OR5V1	0
OR5W2	0
OR6A2	0
OR6B1	0
OR6B2	0
OR6B3	0
OR6C1	0
OR6C2	0
OR6C3	0
OR6C4	0
OR6C65	0
OR6C68	0
OR6C6	0
OR6C70	0
OR6C74	0
OR6C75	0
OR6C76	0
OR6F1	0
OR6K2	0
OR6K3	0
OR6K6	0
OR6M1	0
OR6N1	0
OR6N2	0
OR6P1	0
OR6Q1	0
OR6S1	0
OR6T1	0
OR6V1	0
OR6W1P	0
OR6X1	0
OR6Y1	0
OR7A10	0
OR7A17	0
OR7A5	0
OR7C1	0
OR7C2	0
OR7D2	1
OR7D4	0
OR7E156P	0
OR7E24	0
OR7E37P	0
OR7E5P	0
OR7E91P	0
OR7G1	0
OR7G2	0
OR7G3	0
OR8A1	0
OR8B12	0
OR8B2	0
OR8B3	0
OR8B4	0
OR8B8	0
OR8D1	0
OR8D2	0
OR8D4	0
OR8G2	0
OR8G5	0
OR8H1	0
OR8H2	0
OR8H3	0
OR8I2	0
OR8J1	0
OR8J3	0
OR8K1	0
OR8K3	0
OR8K5	0
OR8S1	0
OR8U1	0
OR9A2	0
OR9A4	0
OR9G4	0
OR9G9	0
OR9I1	0
OR9K2	0
OR9Q1	0
OR9Q2	0
ORAI1	785
ORAI2	260.88
ORAI3	1611
ORAOV1	303
ORC1L	108
ORC2L	386
ORC3L	727
ORC4L	690
ORC5L	619
ORC6L	86
ORM1	138294.96
ORM2	38664.86
ORMDL1	1031
ORMDL2	1405.79
ORMDL3	9809
OS9	19377
OSBP2	100
OSBPL10	78
OSBPL11	746
OSBPL1A	667
OSBPL2	1457
OSBPL3	290
OSBPL5	145
OSBPL6	103
OSBPL7	92
OSBPL8	1036
OSBPL9	3072
OSBP	4058
OSCAR	43
OSCP1	78
OSGEPL1	290
OSGEP	702
OSGIN1	6832
OSGIN2	982
OSMR	368
OSM	15
OSR1	20
OSR2	13
OST4	4660.99
OSTBETA	83
OSTCL	7
OSTC	3436
OSTF1	999
OSTM1	916
OSTN	0
OSTalpha	2136
OTC	3214
OTOA	31
OTOF	4
OTOL1	0
OTOP1	0
OTOP2	0
OTOP3	0
OTOR	0
OTOS	0
OTP	0
OTUB1	2645
OTUB2	140
OTUD1	357
OTUD3	126
OTUD4	1016
OTUD5	2321
OTUD6A	0
OTUD6B	388
OTUD7A	8
OTUD7B	1377
OTX1	11
OTX2	0
OVCA2	937.62
OVCH1	0
OVCH2	0
OVGP1	229
OVOL1	3
OVOL2	1
OXA1L	5285
OXCT1	61
OXCT2	16
OXER1	648
OXGR1	0
OXNAD1	526
OXR1	1151
OXSM	565
OXSR1	1263
OXTR	25
OXT	1
P2RX1	13
P2RX2	0
P2RX3	2
P2RX4	1075
P2RX5	36.13
P2RX6P	0
P2RX6	7
P2RX7	83
P2RY10	8
P2RY11	189.03
P2RY12	4
P2RY13	54
P2RY14	20
P2RY1	12
P2RY2	113
P2RY4	0
P2RY6	51
P2RY8	222
P4HA1	2254
P4HA2	1269
P4HA3	19
P4HB	98901
P4HTM	728
P704P	15
PA2G4P4	90
PA2G4	5041
PAAF1	631
PABPC1L2A	0
PABPC1L2B	0
PABPC1L	573
PABPC1P2	0
PABPC1	33236
PABPC3	296
PABPC4L	16
PABPC4	4626
PABPC5	5
PABPN1L	0
PABPN1	4213.9
PACRGL	145
PACRG	24
PACS1	1602
PACS2	1309
PACSIN1	30
PACSIN2	1584
PACSIN3	1291
PADI1	2
PADI2	22
PADI3	0
PADI4	1
PADI6	0
PAEP	1
PAF1	2744
PAFAH1B1	2441
PAFAH1B2	322
PAFAH1B3	540.43
PAFAH2	754
PAG1	657
PAGE1	0
PAGE2B	0
PAGE2	0
PAGE3	0
PAGE4	1
PAGE5	2
PAH	24803
PAICS	4993
PAIP1	1708
PAIP2B	437.35
PAIP2	3130
PAK1IP1	607
PAK1	1285
PAK2	3361
PAK3	1
PAK4	1601
PAK6	11.02
PAK7	0
PALB2	351
PALLD	1929.1
PALM2-AKAP2	1417.91
PALM2	217.43
PALM3	652
PALMD	1433
PALM	348
PAMR1	66
PAM	611
PAN2	1449
PAN3	543
PANK1	1624
PANK2	668
PANK3	966
PANK4	604
PANX1	687
PANX2	560
PANX3	0
PAOX	595
PAPD4	1136
PAPD5	579
PAPD7	926
PAPLN	202
PAPL	0
PAPOLA	4953
PAPOLB	0
PAPOLG	239
PAPPA2	12
PAPPA	15
PAPSS1	724
PAPSS2	2564
PAQR3	244.01
PAQR4	450.16
PAQR5	206
PAQR6	55
PAQR7	426
PAQR8	148
PAQR9	879
PAR-SN	72
PAR1	1
PAR4	0
PAR5	5
PARD3B	48
PARD3	1412
PARD6A	137
PARD6B	297
PARD6G	171
PARG	535
PARK2	82
PARK7	7829
PARL	1457
PARM1	159
PARN	1348
PARP10	4402
PARP11	170
PARP12	1763
PARP14	3614
PARP15	12
PARP16	584
PARP1	5835
PARP2	666
PARP3	698
PARP4	2248
PARP6	422
PARP8	270
PARP9	2805.41
PARS2	239
PART1	0
PARVA	985
PARVB	914
PARVG	215
PASD1	0
PASK	174
PATE1	0
PATE2	0
PATE3	0
PATE4	0
PATL1	1624
PATL2	17
PATZ1	1513
PAWR	368
PAX1	0
PAX2	0
PAX3	0
PAX4	0
PAX5	1
PAX6	42
PAX7	0
PAX8	103
PAX9	1
PAXIP1	476
PBK	175
PBLD	2818
PBOV1	0
PBRM1	1189
PBX1	224
PBX2	1971
PBX3	721
PBX4	6
PBXIP1	5045
PCA3	0
PCBD1	6067
PCBD2	649
PCBP1	14570
PCBP2	16122.57
PCBP3	9
PCBP4	1007
PCCA	1832.44
PCCB	5070.57
PCDH10	0
PCDH11X	0
PCDH11Y	0
PCDH12	569
PCDH15	0
PCDH17	171
PCDH18	64
PCDH19	4
PCDH1	1647
PCDH20	13
PCDH7	19
PCDH8	0
PCDH9	10
PCDHA10	4.02
PCDHA11	2
PCDHA12	1
PCDHA13	0
PCDHA1	5.54
PCDHA2	1
PCDHA3	2.57
PCDHA4	3.49
PCDHA5	0
PCDHA6	4.01
PCDHA7	4.28
PCDHA8	0
PCDHA9	0
PCDHAC1	0
PCDHAC2	7
PCDHB10	21
PCDHB11	10
PCDHB12	18
PCDHB13	39
PCDHB14	71
PCDHB15	24
PCDHB16	41
PCDHB17	1
PCDHB18	5
PCDHB19P	2
PCDHB1	0
PCDHB2	22
PCDHB3	13
PCDHB4	23
PCDHB5	36
PCDHB6	10
PCDHB7	19
PCDHB8	12
PCDHB9	14
PCDHGA10	37
PCDHGA11	8
PCDHGA12	15.38
PCDHGA1	6
PCDHGA2	24
PCDHGA3	11
PCDHGA4	19.18
PCDHGA5	10
PCDHGA6	11
PCDHGA7	11
PCDHGA8	14
PCDHGA9	9
PCDHGB1	14
PCDHGB2	27
PCDHGB3	5
PCDHGB4	29
PCDHGB5	41
PCDHGB6	24
PCDHGB7	21
PCDHGB8P	1
PCDHGC3	1418.51
PCDHGC4	1
PCDHGC5	1
PCDP1	12
PCF11	1075
PCGEM1	0
PCGF1	449
PCGF2	419.76
PCGF3	1176
PCGF5	2240
PCGF6	346
PCID2	854
PCIF1	1313
PCK1	14365
PCK2	14260
PCLO	2
PCM1	2481
PCMT1	1735
PCMTD1	1358
PCMTD2	1747
PCNAP1	0
PCNA	2606
PCNP	2513
PCNT	861
PCNXL2	62
PCNXL3	2119
PCNX	1429
PCOLCE2	604
PCOLCE	1459.98
PCOTH	18.34
PCP2	5
PCP4L1	55
PCP4	0
PCSK1N	5
PCSK1	2
PCSK2	0
PCSK4	115
PCSK5	60
PCSK6	7765
PCSK7	1089.08
PCSK9	2205
PCTP	2396
PCYOX1L	97
PCYOX1	5371
PCYT1A	488
PCYT1B	2
PCYT2	6059
PC	8250
PDAP1	3646
PDCD10	752
PDCD11	1532
PDCD1LG2	29
PDCD1	25
PDCD2L	273
PDCD2	888
PDCD4	2013.11
PDCD5	1773
PDCD6IP	4227
PDCD6	2659
PDCD7	555
PDCL2	0
PDCL3	503
PDCL	375
PDC	0
PDDC1	1711
PDE10A	39
PDE11A	95
PDE12	960
PDE1A	39
PDE1B	73
PDE1C	2
PDE2A	275
PDE3A	27
PDE3B	1140
PDE4A	209
PDE4B	206
PDE4C	42
PDE4DIP	3178
PDE4D	126
PDE5A	103
PDE6A	1
PDE6B	14
PDE6C	1
PDE6D	544
PDE6G	25
PDE6H	0
PDE7A	316.6
PDE7B	71
PDE8A	1261
PDE8B	12
PDE9A	173
PDF	588.65
PDGFA	787
PDGFB	578
PDGFC	447
PDGFD	232
PDGFRA	223.61
PDGFRB	2282
PDGFRL	38
PDHA1	3768
PDHA2	0
PDHB	2874
PDHX	1185.27
PDIA2	4
PDIA3P	5906
PDIA3	24216.43
PDIA4	17975
PDIA5	2160
PDIA6	16019.75
PDIK1L	466
PDILT	0
PDK1	548
PDK2	2502
PDK3	121
PDK4	3272
PDLIM1	5687
PDLIM2	819
PDLIM3	326
PDLIM4	16
PDLIM5	3069
PDLIM7	722
PDP1	183
PDP2	161
PDPK1	1508
PDPN	12
PDPR	471.8
PDRG1	777
PDS5A	3091
PDS5B	733
PDSS1	231.54
PDSS2	945
PDX1	14
PDXDC1	5773
PDXDC2	377
PDXK	3511
PDXP	2113.82
PDYN	0
PDZD11	1200
PDZD2	67
PDZD3	2
PDZD4	55
PDZD7	4
PDZD8	606
PDZD9	1
PDZK1IP1	440
PDZK1P1	226
PDZK1	4421
PDZRN3	23
PDZRN4	2
PEA15	4783
PEAR1	145
PEBP1	52429
PEBP4	1
PECAM1	1549
PECI	7837.97
PECR	3765
PEF1	2692
PEG10	492
PEG3AS	0
PEG3	74
PELI1	596
PELI2	43
PELI3	270
PELO	874.53
PELP1	2003
PEMT	1701
PENK	0
PEPD	5814
PER1	2247
PER2	608
PER3	770
PER4	0
PERP	6123
PES1	2892
PET112L	986
PEX10	743.51
PEX11A	401
PEX11B	1482
PEX11G	259
PEX12	389
PEX13	1477
PEX14	1048
PEX16	1619
PEX19	5687
PEX1	700
PEX26	655
PEX2	1587
PEX3	507
PEX5L	1
PEX5	2356
PEX6	2251
PEX7	264
PF4V1	1
PF4	0
PFAS	665
PFDN1	1153
PFDN2	2397
PFDN4	474
PFDN5	6945
PFDN6	1989
PFKFB1	444
PFKFB2	447
PFKFB3	626
PFKFB4	100
PFKL	7408
PFKM	396
PFKP	262
PFN1	18311
PFN2	252
PFN3	0
PFN4	9
PGA3	2
PGA4	0
PGA5	0
PGAM1	5359
PGAM2	46
PGAM4	67
PGAM5	794.55
PGAP1	197
PGAP2	1257
PGAP3	2314
PGBD1	162
PGBD2	162
PGBD3	96.12
PGBD4	52
PGBD5	335
PGCP	3005
PGC	5
PGD	3986
PGF	254
PGGT1B	503
PGK1	10946
PGK2	0
PGLS	1963
PGLYRP1	0
PGLYRP2	3370
PGLYRP3	0
PGLYRP4	0
PGM1	6821
PGM2L1	106
PGM2	624
PGM3	744.69
PGM5P2	1
PGM5	100
PGPEP1L	0
PGPEP1	2303
PGP	902
PGRMC1	14742
PGRMC2	3991
PGR	10
PGS1	534
PHACTR1	12
PHACTR2	496
PHACTR3	1
PHACTR4	1483
PHAX	788
PHB2	6970
PHB	7317
PHC1	171.55
PHC2	4236
PHC3	1007
PHEX	1
PHF10	1357.67
PHF11	620
PHF12	1147
PHF13	720
PHF14	1253
PHF15	758
PHF16	631
PHF17	977
PHF19	395
PHF1	1629
PHF20L1	1174
PHF20	918
PHF21A	646
PHF21B	0
PHF23	1095
PHF2	823
PHF3	2409
PHF5A	766
PHF6	553
PHF7	131
PHF8	1572
PHGDH	2247
PHGR1	0
PHIP	902
PHKA1	82
PHKA2	2388.79
PHKB	1852
PHKG1	5
PHKG2	967
PHLDA1	1974
PHLDA2	165
PHLDA3	552
PHLDB1	601
PHLDB2	1250
PHLDB3	785
PHLPP1	1264
PHLPP2	326.78
PHOSPHO1	4
PHOSPHO2	68
PHOX2A	0
PHOX2B	0
PHPT1	2456
PHRF1	2163
PHTF1	275
PHTF2	411
PHYHD1	506
PHYHIPL	283.44
PHYHIP	13
PHYH	9180
PI15	20
PI16	2
PI3	11
PI4K2A	1359.99
PI4K2B	1659
PI4KAP1	339
PI4KAP2	208
PI4KA	2526
PI4KB	2477
PIAS1	390
PIAS2	265
PIAS3	585
PIAS4	504
PIBF1	347
PICALM	4791
PICK1	920
PID1	1490
PIF1	66
PIGA	290
PIGB	395.18
PIGC	1329
PIGF	471.17
PIGG	913.6
PIGH	662.58
PIGK	955
PIGL	114
PIGM	828
PIGN	665
PIGO	1455
PIGP	571
PIGQ	1389.06
PIGR	2672
PIGS	760
PIGT	5695
PIGU	1121
PIGV	768
PIGW	268
PIGX	524
PIGY	2224
PIGZ	122
PIH1D1	2259
PIH1D2	10
PIK3AP1	3666
PIK3C2A	1236
PIK3C2B	853
PIK3C2G	264
PIK3C3	567
PIK3CA	374
PIK3CB	1068
PIK3CD	197
PIK3CG	28
PIK3IP1	724
PIK3R1	3307
PIK3R2	2705.66
PIK3R3	569
PIK3R4	1055
PIK3R5	119
PIK3R6	35
PIKFYVE	770
PILRA	113
PILRB	1590.38
PIM1	1293
PIM2	494
PIM3	2047
PIN1L	1
PIN1	1409
PIN4	848
PINK1	4485
PINX1	170
PION	701
PIP4K2A	748
PIP4K2B	1939
PIP4K2C	1248
PIP5K1A	1544
PIP5K1B	8
PIP5K1C	943
PIP5K1P1	1
PIP5KL1	2
PIPOX	12307
PIPSL	408
PIP	0
PIRT	0
PIR	996
PISD	846
PISRT1	0
PITPNA	1805
PITPNB	2459
PITPNC1	522
PITPNM1	800
PITPNM2	985
PITPNM3	14
PITRM1	2669.85
PITX1	31
PITX2	0
PITX3	0
PIWIL1	0
PIWIL2	12
PIWIL3	0
PIWIL4	22.23
PJA1	531
PJA2	3827
PKD1L1	7
PKD1L2	15
PKD1L3	2
PKD1	1603
PKD2L1	11
PKD2L2	0
PKD2	429
PKDCC	572
PKDREJ	10
PKHD1L1	4
PKHD1	61
PKIA	6
PKIB	91
PKIG	1132
PKLR	6339.58
PKM2	3650
PKMYT1	209.5
PKN1	4336
PKN2	1040
PKN3	346
PKNOX1	517
PKNOX2	13
PKP1	5
PKP2	952
PKP3	5
PKP4	2184
PL-5283	2236
PLA1A	994
PLA2G10	0
PLA2G12A	1157
PLA2G12B	1571
PLA2G15	762
PLA2G16	1892
PLA2G1B	16
PLA2G2A	770
PLA2G2C	0
PLA2G2D	15
PLA2G2E	0
PLA2G2F	0
PLA2G3	0
PLA2G4A	14
PLA2G4C	688
PLA2G4D	0
PLA2G4E	0
PLA2G4F	0
PLA2G5	62
PLA2G6	506
PLA2G7	151
PLA2R1	12
PLAA	1304
PLAC1L	0
PLAC1	0
PLAC2	3
PLAC4	0
PLAC8L1	4
PLAC8	21
PLAC9	78
PLAG1	59
PLAGL1	60
PLAGL2	381
PLAT	350
PLAUR	164
PLAU	272
PLB1	24
PLBD1	151
PLBD2	1306
PLCB1	407
PLCB2	220
PLCB3	685
PLCB4	22
PLCD1	429
PLCD3	151
PLCD4	51
PLCE1	136
PLCG1	1403
PLCG2	965
PLCH1	12
PLCH2	77
PLCL1	49
PLCL2	483
PLCXD1	830
PLCXD2	48
PLCXD3	20
PLCZ1	0
PLD1	929
PLD2	555
PLD3	7159
PLD4	23
PLD5	1
PLD6	197
PLDN	1576
PLEC	10426
PLEK2	179
PLEKHA1	1481
PLEKHA2	446
PLEKHA3	450
PLEKHA4	745
PLEKHA5	908
PLEKHA6	2304
PLEKHA7	500
PLEKHA8	92
PLEKHA9	99
PLEKHB1	28
PLEKHB2	1379
PLEKHF1	590
PLEKHF2	714
PLEKHG1	340
PLEKHG2	468
PLEKHG3	1329
PLEKHG4B	3
PLEKHG4	31
PLEKHG5	148
PLEKHG6	238
PLEKHG7	11
PLEKHH1	147.16
PLEKHH2	30
PLEKHH3	772
PLEKHJ1	1788
PLEKHM1P	168.02
PLEKHM1	783
PLEKHM2	1805
PLEKHM3	359
PLEKHN1	15
PLEKHO1	775
PLEKHO2	869
PLEK	284
PLGLA	12
PLGLB2	4174.05
PLG	42609
PLIN1	157
PLIN2	9302
PLIN3	1768
PLIN4	1221
PLIN5	1915
PLK1S1	397
PLK1	360
PLK2	1082
PLK3	220
PLK4	75
PLK5P	1
PLLP	273
PLN	18
PLOD1	9296
PLOD2	3139
PLOD3	5373
PLP1	0
PLP2	979
PLRG1	1300
PLS1	1108
PLS3	7772
PLSCR1	928
PLSCR2	0
PLSCR3	519.31
PLSCR4	625
PLSCR5	0
PLTP	774
PLUNC	0
PLVAP	3948
PLXDC1	200
PLXDC2	99
PLXNA1	737
PLXNA2	1036
PLXNA3	466
PLXNA4	10
PLXNB1	4821
PLXNB2	13041
PLXNB3	29
PLXNC1	115
PLXND1	2971
PM20D1	2
PM20D2	403
PMAIP1	17
PMCHL1	0
PMCHL2	0
PMCH	1.17
PMEPA1	307
PMF1	2541
PMFBP1	12
PML	1545
PMM1	2053
PMM2	1742.39
PMP22	349
PMP2	0
PMPCA	3246
PMPCB	3013.75
PMS1	312
PMS2CL	110
PMS2L11	38
PMS2L1	500.46
PMS2L2	89.26
PMS2L3	62
PMS2L4	32
PMS2L5	128
PMS2	711
PMVK	3853
PNCK	1
PNKD	7362
PNKP	954
PNLDC1	1
PNLIPRP1	0
PNLIPRP2	0
PNLIPRP3	0
PNLIP	0
PNMA1	463
PNMA2	19
PNMA3	31
PNMA5	1
PNMA6A	867
PNMAL1	8
PNMAL2	27.19
PNMT	1
PNN	2356
PNO1	687
PNOC	1
PNPLA1	0
PNPLA2	3648
PNPLA3	462
PNPLA4	739
PNPLA5	0
PNPLA6	2107
PNPLA7	320
PNPLA8	1062
PNPO	5508
PNPT1	882
PNP	1341
PNRC1	3639
PNRC2	1638
POC1A	384
POC1B	364
POC5	203
PODNL1	9
PODN	190
PODXL2	33
PODXL	1465
POF1B	15
POFUT1	4103
POFUT2	743
POGK	1700
POGZ	2334
POLA1	303
POLA2	492
POLB	594
POLD1	887
POLD2	4380
POLD3	358
POLD4	5507
POLDIP2	9491.15
POLDIP3	2203
POLE2	107
POLE3	1676
POLE4	856
POLE	1443
POLG2	173
POLG	1497.28
POLH	693
POLI	296
POLK	501
POLL	870
POLM	686
POLN	25
POLQ	66
POLR1A	752
POLR1B	821
POLR1C	690
POLR1D	2250
POLR1E	665
POLR2A	3539
POLR2B	1928
POLR2C	2282
POLR2D	900
POLR2E	6773
POLR2F	2213
POLR2G	1496
POLR2H	1445
POLR2I	1119.67
POLR2J2	267.17
POLR2J3	1018.41
POLR2J4	361.39
POLR2J	2337
POLR2K	2051
POLR2L	4108
POLR3A	565
POLR3B	593
POLR3C	731
POLR3D	250
POLR3E	988
POLR3F	353
POLR3GL	1466
POLR3G	80
POLR3H	1476.28
POLR3K	424
POLRMT	2634
POM121C	1110
POM121L10P	8
POM121L12	0
POM121L1P	1
POM121L2	0
POM121L4P	0
POM121L8P	1
POM121L9P	5
POM121	3239.05
POMC	11
POMGNT1	2646.6
POMP	3400
POMT1	1266
POMT2	431
POMZP3	128.37
PON1	10667
PON2	6386
PON3	4186
POP1	192
POP4	1198
POP5	865
POP7	1222
POPDC2	30
POPDC3	1
PORCN	163
POR	20800
POSTN	201
POT1	588
POTEA	0
POTEB	0
POTEC	0
POTED	0
POTEE	3
POTEF	7
POTEG	0
POTEH	0
POU1F1	0
POU2AF1	32
POU2F1	74
POU2F2	30
POU2F3	5
POU3F1	2
POU3F2	0
POU3F3	0
POU3F4	0
POU4F1	1
POU4F2	0
POU4F3	0
POU5F1B	12.53
POU5F1	25.07
POU5F2	0
POU6F1	129
POU6F2	0
PP14571	1
PPA1	4725
PPA2	1662
PPAN-P2RY11	0
PPAN	988
PPAP2A	3253.59
PPAP2B	3710
PPAP2C	123
PPAPDC1A	2
PPAPDC1B	712
PPAPDC2	846
PPAPDC3	14
PPARA	3390
PPARD	1383
PPARGC1A	1290
PPARGC1B	24
PPARG	661
PPAT	356
PPBPL2	0
PPBP	1
PPCDC	332
PPCS	1810
PPDPF	4643
PPEF1	2
PPEF2	0
PPFIA1	1575
PPFIA2	3
PPFIA3	264
PPFIA4	6
PPFIBP1	766
PPFIBP2	1354
PPHLN1	1132
PPIAL4B	0
PPIAL4C	54
PPIAL4D	2
PPIAL4E	0
PPIAL4G	28
PPIA	8949
PPIB	30077.78
PPIC	1328
PPID	1299
PPIEL	27
PPIE	1141
PPIF	4680
PPIG	1481
PPIH	386
PPIL1	1010
PPIL2	1949.18
PPIL3	530
PPIL4	515
PPIL5	200
PPIL6	14
PPIP5K1	508
PPIP5K2	987
PPL	772
PPM1A	2444
PPM1B	1902
PPM1D	370
PPM1E	25
PPM1F	1242.03
PPM1G	4049
PPM1H	301
PPM1J	17
PPM1K	106
PPM1L	63
PPM1M	437
PPM1N	13
PPME1	1092
PPOX	709
PPP1CA	6430.76
PPP1CB	4939.9
PPP1CC	3430
PPP1R10	3699
PPP1R11	2975
PPP1R12A	885
PPP1R12B	745
PPP1R12C	2237
PPP1R13B	760
PPP1R13L	486
PPP1R14A	117
PPP1R14B	1925
PPP1R14C	2
PPP1R14D	3
PPP1R15A	1315
PPP1R15B	3464
PPP1R16A	3906.18
PPP1R16B	172
PPP1R1A	1627
PPP1R1B	2
PPP1R1C	32
PPP1R2P1	2
PPP1R2P3	43
PPP1R2P9	0
PPP1R2	1178
PPP1R3A	0
PPP1R3B	2661
PPP1R3C	1121
PPP1R3D	73
PPP1R3E	122.92
PPP1R3F	141
PPP1R3G	254
PPP1R7	2078
PPP1R8	1091
PPP1R9A	77
PPP1R9B	1363
PPP2CA	4203.64
PPP2CB	2005
PPP2R1A	8359
PPP2R1B	3868
PPP2R2A	652
PPP2R2B	12
PPP2R2C	4
PPP2R2D	797
PPP2R3A	82
PPP2R3B	286
PPP2R3C	494
PPP2R4	4717
PPP2R5A	4668
PPP2R5B	542
PPP2R5C	2256
PPP2R5D	2027.14
PPP2R5E	590
PPP3CA	785
PPP3CB	1132
PPP3CC	346.9
PPP3R1	2421
PPP3R2	0
PPP4C	3519
PPP4R1L	21
PPP4R1	1599
PPP4R2	596
PPP4R4	122
PPP5C	1835
PPP6C	1763
PPPDE1	1357
PPPDE2	1044
PPRC1	1032
PPT1	2350
PPT2	730.15
PPTC7	443
PPWD1	495
PPY2	0
PPYR1	0
PPY	0
PQBP1	2399
PQLC1	5769
PQLC2	870
PQLC3	394
PRAC	0
PRAF2	524
PRAM1	19
PRAMEF10	7
PRAMEF11	2
PRAMEF12	0
PRAMEF13	0
PRAMEF14	0
PRAMEF16	0
PRAMEF17	0
PRAMEF18	0
PRAMEF1	0
PRAMEF20	0
PRAMEF22	0
PRAMEF2	0
PRAMEF3	0
PRAMEF4	3
PRAMEF5	0
PRAMEF6	0
PRAMEF8	5
PRAMEF9	0
PRAME	2
PRAP1	17424
PRB1	0
PRB2	0
PRB3	0
PRB4	0
PRC1	661
PRCC	2971
PRCD	9
PRCP	3400
PRDM10	256
PRDM11	12
PRDM12	5
PRDM13	0
PRDM14	0
PRDM15	246
PRDM16	22
PRDM1	145
PRDM2	575
PRDM4	595
PRDM5	4
PRDM6	8
PRDM7	2
PRDM8	7
PRDM9	0
PRDX1	17860
PRDX2	8808
PRDX3	9320
PRDX4	4845
PRDX5	8647
PRDX6	21051
PRDXDD1P	36
PREB	3806
PRELID1	4749
PRELID2	54
PRELP	340
PREPL	1391
PREP	955
PREX1	976
PREX2	11
PRF1	177
PRG1	0
PRG2	80
PRG3	0
PRG4	5665.65
PRH1	43.64
PRH2	9
PRHOXNB	0
PRIC285	1531
PRICKLE1	38
PRICKLE2	145
PRICKLE3	173
PRICKLE4	86.19
PRIM1	286
PRIM2	206
PRIMA1	0
PRINS	0
PRKAA1	2318
PRKAA2	355
PRKAB1	1230
PRKAB2	2979
PRKACA	4532
PRKACB	922
PRKACG	0
PRKAG1	1730
PRKAG2	827
PRKAG3	0
PRKAR1A	7895
PRKAR1B	333
PRKAR2A	291
PRKAR2B	27
PRKCA	1600
PRKCB	85
PRKCDBP	229
PRKCD	739
PRKCE	349
PRKCG	0
PRKCH	363
PRKCI	624
PRKCQ	20
PRKCSH	14600
PRKCZ	615.12
PRKD1	75
PRKD2	1544
PRKD3	710
PRKDC	3713
PRKG1	9
PRKG2	0
PRKRA	698
PRKRIP1	871.86
PRKRIR	1053
PRKX	198
PRKY	52
PRLHR	0
PRLH	0
PRLR	1056
PRL	0
PRM1	0
PRM2	0
PRM3	0
PRMT10	202
PRMT1	2347
PRMT2	1068
PRMT3	401
PRMT5	1588
PRMT6	357
PRMT7	827
PRMT8	0
PRND	12
PRNP	1693
PRNT	0
PRO0611	0
PRO0628	0
PRO1768	0
PROCA1	21
PROCR	151
PROC	11959
PRODH2	2769
PRODH	257
PROK1	2
PROK2	1
PROKR1	0
PROKR2	0
PROL1	8
PROM1	4
PROM2	6
PROP1	0
PROS1	7825
PROSC	1626
PROX1	685
PROX2	0
PROZ	485
PRPF18	673.2
PRPF19	4488
PRPF31	2547.95
PRPF38A	927
PRPF38B	1066
PRPF39	495
PRPF3	1209
PRPF40A	2314
PRPF40B	399.94
PRPF4B	1741
PRPF4	892
PRPF6	5254
PRPF8	6144
PRPH2	6
PRPH	0
PRPS1L1	0
PRPS1	1716
PRPS2	930
PRPSAP1	2909
PRPSAP2	755
PRR11	20
PRR12	815
PRR13	3475.24
PRR14	981
PRR15L	65
PRR15	10
PRR16	21
PRR18	65
PRR19	25.82
PRR20A	0
PRR20B	0
PRR20C	0
PRR20D	0
PRR21	0
PRR22	73
PRR23A	0
PRR23B	0
PRR23C	0
PRR24	312
PRR25	0
PRR3	344
PRR4	38.36
PRR5-ARHGAP8	0
PRR5L	109
PRR5	604
PRR7	74
PRRC1	2449
PRRG1	331
PRRG2	123
PRRG3	1
PRRG4	264
PRRT1	21
PRRT2	25
PRRT3	61
PRRT4	7
PRRX1	62
PRRX2	2
PRSS12	7
PRSS16	2
PRSS1	0
PRSS21	1
PRSS22	1
PRSS23	855.44
PRSS27	14
PRSS30P	1
PRSS33	0
PRSS35	16
PRSS36	48
PRSS37	0
PRSS38	0
PRSS3	48
PRSS41	0
PRSS42	0
PRSS45	3
PRSS48	0
PRSS50	10
PRSS53	62
PRSS54	0
PRSS55	0
PRSS8	217
PRSSL1	0
PRTFDC1	66
PRTG	7
PRTN3	0
PRUNE2	29
PRUNE	1154
PRX	188
PRY2	0
PSAPL1	0
PSAP	55601
PSAT1	2825
PSCA	3
PSD2	4
PSD3	872
PSD4	2373
PSD	35
PSEN1	2176
PSEN2	1071
PSENEN	1863.1
PSG10	0
PSG11	0
PSG1	0
PSG2	0
PSG3	0
PSG4	0
PSG5	0
PSG6	0
PSG7	0
PSG8	0
PSG9	0
PSIMCT-1	11.66
PSIP1	1079.83
PSKH1	1183
PSKH2	0
PSMA1	3810
PSMA2	5106
PSMA3	2918
PSMA4	4114
PSMA5	4048
PSMA6	4340
PSMA7	6458
PSMA8	0
PSMB10	2011
PSMB11	0
PSMB1	5998
PSMB2	4355
PSMB3	5890
PSMB4	12519
PSMB5	4626
PSMB6	3595
PSMB7	5214.46
PSMB8	3676
PSMB9	1254
PSMC1	1065
PSMC2	4157
PSMC3IP	84.31
PSMC3	5854
PSMC4	4247
PSMC5	5575
PSMC6	2109
PSMD10	1248
PSMD11	1921
PSMD12	1442
PSMD13	4097
PSMD14	2185
PSMD1	3812
PSMD2	6305
PSMD3	5132
PSMD4	10037
PSMD5	989
PSMD6	1860
PSMD7	2969
PSMD8	5148
PSMD9	1547
PSME1	7792
PSME2	6556
PSME3	2969
PSME4	2927
PSMF1	6511
PSMG1	822
PSMG2	1503
PSMG3	956
PSMG4	523
PSORS1C1	3
PSORS1C2	0
PSORS1C3	3
PSPC1	776
PSPH	707
PSPN	1
PSRC1	155
PSTK	135
PSTPIP1	56
PSTPIP2	500
PTAFR	22
PTAR1	959
PTBP1	8270
PTBP2	318
PTCD1	969.16
PTCD2	171
PTCD3	1879
PTCH1	214
PTCH2	11
PTCHD1	0
PTCHD2	1
PTCHD3	0
PTCRA	3
PTDSS1	3195
PTDSS2	898
PTENP1	399
PTEN	2639
PTER	512
PTF1A	0
PTGDR	9
PTGDS	364
PTGER1	4
PTGER2	27
PTGER3	22.08
PTGER4	94
PTGES2	1945
PTGES3	10804
PTGES	28
PTGFRN	1572
PTGFR	63
PTGIR	70
PTGIS	96
PTGR1	7253
PTGR2	830.08
PTGS1	106
PTGS2	17
PTH1R	52
PTH2R	2
PTH2	0
PTHLH	12
PTH	0
PTK2B	603
PTK2	2912
PTK6	72
PTK7	220
PTMA	17966
PTMS	19831
PTN	44
PTOV1	4507
PTP4A1	21344
PTP4A2	2193
PTP4A3	579
PTPDC1	113
PTPLAD1	7081
PTPLAD2	44
PTPLA	6
PTPLB	286
PTPMT1	1202.38
PTPN11	3860
PTPN12	1573
PTPN13	20
PTPN14	60
PTPN18	1913
PTPN1	1459
PTPN20A	0
PTPN20B	4
PTPN21	471
PTPN22	24
PTPN23	2099
PTPN2	612
PTPN3	1835
PTPN4	210
PTPN5	2
PTPN6	1297
PTPN7	110
PTPN9	1003
PTPRA	1796
PTPRB	610
PTPRCAP	165
PTPRC	388
PTPRD	170
PTPRE	195
PTPRF	13222
PTPRG	649
PTPRH	1255
PTPRJ	1938
PTPRK	2525
PTPRM	1102
PTPRN2	87
PTPRN	1
PTPRO	22
PTPRQ	0
PTPRR	6
PTPRS	126
PTPRT	5
PTPRU	809
PTPRVP	2
PTPRZ1	2
PTRF	2908
PTRH1	329
PTRH2	1014
PTS	603
PTTG1IP	7506
PTTG1	519
PTTG2	1
PTTG3P	2
PTX3	11
PTX4	0
PUF60	7621
PUM1	2107
PUM2	3848
PURA	372
PURB	1428
PURG	1
PUS10	377
PUS1	985
PUS3	666
PUS7L	144
PUS7	462
PUSL1	410
PVALB	1
PVRIG	83
PVRL1	621
PVRL2	7669
PVRL3	294
PVRL4	9
PVR	3157
PVT1	61
PWP1	1366
PWP2	857
PWRN1	0
PWRN2	0
PWWP2A	438
PWWP2B	507
PXDNL	12
PXDN	768
PXK	230
PXMP2	3014.21
PXMP4	1129
PXN	2561.36
PXT1	1
PYCARD	472
PYCR1	484
PYCR2	2646
PYCRL	1131
PYDC1	0
PYDC2	0
PYGB	2615
PYGL	5152
PYGM	11
PYGO1	0
PYGO2	2109
PYHIN1	18
PYROXD1	722.93
PYROXD2	122
PYY2	6
PYY	0
PZP	6
ProSAPiP1	687
QARS	5831
QDPR	4071
QKI	2326
QPCTL	673
QPCT	58
QPRT	6134
QRFPR	1
QRFP	0
QRICH1	1805
QRICH2	134
QRSL1	661
QSER1	725
QSOX1	1388
QSOX2	685
QTRT1	1405
QTRTD1	483
R3HCC1	962
R3HDM1	709
R3HDM2	2194
R3HDML	0
RAB10	4052
RAB11A	3072
RAB11B	4343.81
RAB11FIP1	1137
RAB11FIP2	422
RAB11FIP3	1403
RAB11FIP4	1377
RAB11FIP5	671
RAB12	1105
RAB13	3685
RAB14	3953
RAB15	938
RAB17	2823
RAB18	2327
RAB19	0
RAB1A	6111.97
RAB1B	6586.95
RAB20	934
RAB21	1328
RAB22A	1412
RAB23	252
RAB24	1116
RAB25	2
RAB26	365
RAB27A	798
RAB27B	4
RAB28	270
RAB2A	1962
RAB2B	434
RAB30	54
RAB31	408
RAB32	978
RAB33A	11
RAB33B	402
RAB34	358
RAB35	1361
RAB36	14
RAB37	471
RAB38	15
RAB39B	8
RAB39	3
RAB3A	117
RAB3B	21
RAB3C	3
RAB3D	177
RAB3GAP1	1300
RAB3GAP2	1326
RAB3IL1	277
RAB3IP	664
RAB40AL	3
RAB40A	2
RAB40B	648
RAB40C	773
RAB41	3
RAB42	14
RAB43	1072
RAB4A	2248.51
RAB4B	850.9
RAB5A	1640
RAB5B	5482
RAB5C	4941
RAB6A	3494
RAB6B	124
RAB6C	49
RAB7A	8125
RAB7L1	1478
RAB8A	3499.39
RAB8B	641
RAB9A	547
RAB9BP1	0
RAB9B	1
RABAC1	2302
RABEP1	1331.82
RABEP2	562
RABEPK	1678
RABGAP1L	277
RABGAP1	953
RABGEF1	1240.86
RABGGTA	909
RABGGTB	2083
RABIF	667
RABL2A	254
RABL2B	278
RABL3	782
RABL5	411
RAC1	7644
RAC2	438
RAC3	505
RACGAP1P	2
RACGAP1	529
RAD17	776
RAD18	261
RAD1	643
RAD21L1	0
RAD21	5733
RAD23A	5596
RAD23B	8227
RAD50	1486
RAD51AP1	127
RAD51AP2	4
RAD51C	379
RAD51L1	42
RAD51L3	178
RAD51	101
RAD52	145
RAD54B	115
RAD54L2	126
RAD54L	79
RAD9A	473.17
RAD9B	32
RADIL	7
RAE1	905
RAET1E	3
RAET1G	3.1
RAET1K	2
RAET1L	0
RAF1	4602
RAG1AP1	2841
RAG1	16
RAG2	0
RAGE	88
RAI14	1710
RAI1	585
RAI2	98
RALA	1313
RALBP1	2274
RALB	1226
RALGAPA1	412
RALGAPA2	583
RALGAPB	1397
RALGDS	975
RALGPS1	122
RALGPS2	1371
RALYL	0
RALY	4161
RAMP1	3208
RAMP2	462
RAMP3	464
RANBP10	1236
RANBP17	68
RANBP1	1603
RANBP2	2321
RANBP3L	8
RANBP3	1697
RANBP6	683
RANBP9	1463
RANGAP1	5539
RANGRF	447
RAN	4900
RAP1A	1875
RAP1B	2432
RAP1GAP2	85
RAP1GAP	1217
RAP1GDS1	925
RAP2A	1268
RAP2B	851
RAP2C	1903
RAPGEF1	2371
RAPGEF2	1290
RAPGEF3	222.81
RAPGEF4	600
RAPGEF5	819
RAPGEF6	165
RAPGEFL1	218
RAPH1	2655
RAPSN	5
RARA	2478
RARB	73
RARG	210
RARRES1	142
RARRES2	32834
RARRES3	1458
RARS2	900
RARS	2113
RASA1	680.75
RASA2	44
RASA3	264
RASA4P	107.39
RASA4	174.07
RASAL1	6
RASAL2	548.36
RASAL3	185
RASD1	972
RASD2	51
RASEF	24
RASGEF1A	10
RASGEF1B	356
RASGEF1C	0
RASGRF1	8
RASGRF2	64
RASGRP1	37
RASGRP2	129
RASGRP3	360
RASGRP4	29
RASIP1	391
RASL10A	7
RASL10B	73
RASL11A	153
RASL11B	7
RASL12	121
RASSF10	0
RASSF1	841
RASSF2	257
RASSF3	134
RASSF4	2685.05
RASSF5	550
RASSF6	27
RASSF7	2045
RASSF8	211
RASSF9	13
RAVER1	821
RAVER2	164
RAX2	0
RAX	0
RB1CC1	2371
RB1	756
RBAK	485
RBBP4	3380.55
RBBP5	638
RBBP6	1317
RBBP7	3205
RBBP8	505
RBBP9	1197
RBCK1	4390
RBKS	796
RBL1	72
RBL2	2026.92
RBM10	2368
RBM11	1
RBM12B	355
RBM12	1538.48
RBM14	1507.63
RBM15B	2115.07
RBM15	253
RBM16	920.11
RBM17	1855
RBM18	595
RBM19	1071
RBM20	13
RBM22	1413
RBM23	1590
RBM24	140
RBM25	1588
RBM26	606
RBM27	910
RBM28	529
RBM33	1345
RBM34	1467
RBM38	767
RBM39	5143
RBM3	4796
RBM41	236
RBM42	3383
RBM43	226
RBM44	6
RBM45	239
RBM46	1
RBM47	2481
RBM4B	355
RBM4	2720.83
RBM5	2036.45
RBM6	1527.42
RBM7	590
RBM8A	2933.08
RBM9	1908
RBMS1	835
RBMS2	337.11
RBMS3	9
RBMX2	582
RBMXL1	594.33
RBMXL2	0
RBMXL3	0
RBMX	3250
RBMY1A1	0
RBMY1A3P	0
RBMY1B	0
RBMY1E	0
RBMY1F	0
RBMY1J	0
RBMY2EP	0
RBMY2FP	0
RBMY3AP	0
RBP1	794
RBP2	0
RBP3	0
RBP4	176551
RBP5	2749
RBP7	378
RBPJL	0
RBPJ	470
RBPMS2	523
RBPMS	1505
RBX1	1473.33
RC3H1	1023
RC3H2	245
RCAN1	1622
RCAN2	175
RCAN3	38
RCBTB1	557
RCBTB2	210
RCC1	834.72
RCC2	1808
RCCD1	471
RCE1	427
RCHY1	413
RCL1	1427
RCN1	3922
RCN2	987
RCN3	433
RCOR1	892
RCOR2	6
RCOR3	951
RCSD1	211
RCVRN	0
RD3	0
RDBP	2709
RDH10	3030
RDH11	4844
RDH12	105
RDH13	400
RDH14	731
RDH16	3711.37
RDH5	759.82
RDH8	0
RDM1	18
RDX	3237
REC8	59
RECK	171
RECQL4	574
RECQL5	1101
RECQL	686.25
REEP1	29
REEP2	16
REEP3	650
REEP4	491
REEP5	6403.31
REEP6	10805
REG1A	5
REG1B	0
REG1P	0
REG3A	7
REG3G	0
REG4	5
RELA	3143
RELB	990
RELL1	358
RELL2	81.27
RELN	707
RELT	122
REL	32
REM1	18
REM2	4
RENBP	190
REN	16
REP15	28
REPIN1	5568
REPS1	745
REPS2	570
RER1	5980.18
RERE	2011
RERGL	16
RERG	58
RESP18	0
REST	135
RETNLB	0
RETN	0
RETSAT	6035
RET	9
REV1	694
REV3L	466
REXO1L1	0
REXO1	1112
REXO2	1092
REXO4	1146
RFC1	2419
RFC2	1053
RFC3	313
RFC4	547
RFC5	463
RFESD	43
RFFL	2353.22
RFK	1163
RFNG	2829
RFPL1S	4.48
RFPL1	1
RFPL2	3
RFPL3S	4.2
RFPL3	0
RFPL4A	5
RFPL4B	1
RFT1	901
RFTN1	1424
RFTN2	44
RFWD2	2014
RFWD3	530
RFX1	525
RFX2	82
RFX3	19
RFX4	0
RFX5	1408
RFX6	0
RFX7	352
RFX8	6
RFXANK	1197.93
RFXAP	64
RG9MTD1	888
RG9MTD2	227
RG9MTD3	160
RGAG1	13
RGAG4	113
RGL1	469
RGL2	1314
RGL3	509
RGL4	10.34
RGMA	30
RGMB	354
RGNEF	603
RGN	5104
RGP1	137
RGPD1	335.51
RGPD3	203
RGPD4	138
RGPD5	50.21
RGPD6	534
RGPD8	0
RGR	0
RGS10	231
RGS11	9
RGS12	1385
RGS13	1
RGS14	2062
RGS16	204
RGS17	2
RGS18	26
RGS19	297
RGS1	396
RGS20	1
RGS21	0
RGS22	0
RGS2	371
RGS3	1694
RGS4	44
RGS5	3697
RGS6	4
RGS7BP	6
RGS7	0
RGS8	0
RGS9BP	3
RGS9	24
RGSL1	2
RHAG	0
RHBDD1	454
RHBDD2	3660
RHBDD3	943
RHBDF1	411
RHBDF2	780
RHBDL1	72
RHBDL2	7
RHBDL3	7
RHBG	106
RHCE	18
RHCG	13
RHD	3
RHEBL1	18
RHEB	2116
RHOA	13427
RHOBTB1	394
RHOBTB2	421.9
RHOBTB3	2126
RHOB	16783
RHOC	7688
RHOD	1601
RHOF	140.38
RHOG	1573
RHOH	56
RHOJ	100
RHOQ	986.65
RHOT1	866
RHOT2	2402
RHOU	3365
RHOV	5
RHOXF1	1
RHOXF2B	0
RHO	1
RHPN1	148
RHPN2	1281
RIBC1	15
RIBC2	14
RIC3	4
RIC8A	2586.84
RIC8B	485
RICH2	50
RICTOR	838
RIF1	411
RILPL1	320.24
RILPL2	384
RILP	791
RIMBP2	0
RIMBP3C	2
RIMBP3	18
RIMKLA	11
RIMKLB	83.6
RIMS1	0
RIMS2	1
RIMS3	58
RIMS4	0
RIN1	98
RIN2	415
RIN3	1111
RING1	2275
RINL	366
RINT1	669.76
RIOK1	550
RIOK2	710
RIOK3	2551
RIPK1	1736
RIPK2	608
RIPK3	38
RIPK4	906
RIPPLY1	40.41
RIPPLY2	0
RIT1	559
RIT2	0
RLBP1	0
RLF	464
RLIM	1074
RLN1	0
RLN2	0
RLN3	0
RLTPR	24
RMI1	344
RMND1	845
RMND5A	3638
RMND5B	1122
RMRP	18
RMST	0
RNASE10	1
RNASE11	0
RNASE12	0
RNASE13	3
RNASE1	1744
RNASE2	5
RNASE3	0
RNASE4	7572.8
RNASE6	201
RNASE7	6
RNASE8	0
RNASE9	0
RNASEH1	447
RNASEH2A	754
RNASEH2B	446
RNASEH2C	1246.3
RNASEK	4106.56
RNASEL	186
RNASEN	1255
RNASET2	1594
RND1	1663
RND2	51
RND3	1071
RNF103	3170.79
RNF10	5768
RNF111	638
RNF112	15
RNF113A	649
RNF113B	0
RNF114	2530
RNF115	650
RNF11	2334
RNF121	802
RNF122	141
RNF123	2134
RNF125	318
RNF126P1	4
RNF126	1443
RNF128	3773
RNF130	4717
RNF133	1
RNF135	171
RNF138P1	13
RNF138	550
RNF139	1432
RNF13	2161
RNF141	1087
RNF144A	190
RNF144B	577
RNF145	836
RNF146	733
RNF148	3
RNF149	1596
RNF14	1941
RNF150	3
RNF151	0
RNF152	107
RNF157	439.98
RNF160	650
RNF165	14
RNF166	439
RNF167	3898
RNF168	118
RNF169	359.41
RNF170	801
RNF175	3
RNF17	0
RNF180	101
RNF181	3352
RNF182	1
RNF183	2
RNF185	2460
RNF186	4
RNF187	6725
RNF19A	2210
RNF19B	565
RNF207	313
RNF208	339
RNF20	1369
RNF212	2
RNF213	6944.99
RNF214	408
RNF215	488
RNF216L	516
RNF216	1533
RNF217	96.93
RNF219	245
RNF220	1863.69
RNF222	0
RNF24	87
RNF25	757
RNF26	1821
RNF2	398
RNF31	1388
RNF32	51
RNF34	699.65
RNF38	802
RNF39	8
RNF40	3379
RNF41	814
RNF43	794
RNF44	1231
RNF4	1557
RNF5P1	540
RNF5	3479
RNF6	735
RNF7	1933
RNF8	598
RNFT1	612
RNFT2	44
RNGTT	523
RNH1	5696
RNLS	281
RNMTL1	707
RNMT	975
RNPC3	149.4
RNPEPL1	4175
RNPEP	3129
RNPS1	2718
RNU11	0
RNU4ATAC	0
RNU5E	0
RNU6ATAC	0
RNY4	0
RNY5	0
ROBLD3	3434
ROBO1	2016
ROBO2	5
ROBO3	111
ROBO4	720
ROCK1	1259
ROCK2	801
ROD1	1952
ROGDI	958
ROM1	91
ROMO1	2780
ROPN1B	5
ROPN1L	2
ROPN1	2
ROR1	7
ROR2	36
RORA	1109
RORB	0
RORC	4380
ROS1	2
RP1-177G6.2	0
RP1L1	2
RP1	1
RP2	458
RP9P	199
RP9	221
RPA1	1752
RPA2	1093
RPA3	738
RPA4	2
RPAIN	716.25
RPAP1	1133
RPAP2	249
RPAP3	685
RPE65	0
RPE	827.25
RPF1	883
RPF2	786
RPGRIP1L	44
RPGRIP1	13
RPGR	150
RPH3AL	465
RPH3A	1
RPIA	415
RPL10A	14284
RPL10L	0
RPL10	22021.17
RPL11	20417
RPL12	12121
RPL13AP17	0
RPL13AP20	44
RPL13AP3	19
RPL13AP6	16
RPL13A	21633
RPL13P5	18
RPL13	26386
RPL14	13307
RPL15	23144
RPL17	7730.39
RPL18A	2867
RPL18	20517
RPL19P12	73
RPL19	34368
RPL21P44	1
RPL21	5
RPL22L1	1146
RPL22	8039
RPL23AP32	0
RPL23AP53	101
RPL23AP64	3
RPL23AP7	80
RPL23AP82	131
RPL23A	5797
RPL23P8	142
RPL23	17310
RPL24	14280
RPL26L1	666
RPL26	10944
RPL27A	18666
RPL27	14819
RPL28	21453
RPL29P2	0
RPL29	16012
RPL30	30069
RPL31P11	4
RPL31	18145
RPL32P3	129
RPL32	23195
RPL34	10334
RPL35A	11178
RPL35	13577
RPL36AL	6008
RPL36A	84
RPL36	11975
RPL37A	21074
RPL37	23210
RPL38	11155
RPL39L	134
RPL39	762
RPL3L	0
RPL3	51967
RPL41	21237
RPL4	35251
RPL5	22482
RPL6	13136
RPL7A	18968
RPL7L1	1362
RPL7	1957
RPL8	48882
RPL9	1524
RPLP0P2	17
RPLP0	38545
RPLP1	38591
RPLP2	17574
RPN1	15841
RPN2	16276
RPP14	929
RPP21	725
RPP25	175
RPP30	628
RPP38	503
RPP40	276
RPPH1	35
RPRD1A	1411
RPRD1B	1802
RPRD2	1868
RPRML	2
RPRM	0
RPS10P7	60
RPS10	10001
RPS11	29598
RPS12	18476
RPS13	10740
RPS14	23073
RPS15AP10	2
RPS15A	12688
RPS15	7389
RPS16	22913
RPS17	18899
RPS18	32380
RPS19BP1	2431
RPS19	23945
RPS20	30358
RPS21	10284
RPS23	18359
RPS24	22587
RPS25	11823
RPS26P11	2
RPS26	1320
RPS27A	12018
RPS27L	2932
RPS27	816
RPS28	840
RPS29	8098
RPS2P32	8
RPS2	14314
RPS3A	5055
RPS3	22233
RPS4X	28929
RPS4Y1	2124
RPS4Y2	0
RPS5	17298
RPS6KA1	839
RPS6KA2	540
RPS6KA3	3943
RPS6KA4	967
RPS6KA5	43
RPS6KA6	0
RPS6KB1	965
RPS6KB2	1935
RPS6KC1	722
RPS6KL1	157
RPS6	33226
RPS7	10798
RPS8	22929
RPS9	23324
RPSAP52	0
RPSAP58	10292
RPSAP9	51
RPSA	8180
RPTN	0
RPTOR	1575
RPUSD1	695
RPUSD2	426
RPUSD3	1085
RPUSD4	775
RQCD1	227
RRAD	53
RRAGA	2587
RRAGB	241
RRAGC	287
RRAGD	1159
RRAS2	849
RRAS	950
RRBP1	21549
RREB1	1955
RRH	2
RRM1	1620
RRM2B	1332
RRM2	1106
RRN3P1	52
RRN3P2	18
RRN3P3	35.98
RRN3	1478
RRP12	1224
RRP15	871
RRP1B	1309
RRP1	1212
RRP7A	1549
RRP7B	103.31
RRP8	677
RRP9	771
RRS1	1115
RS1	2
RSAD1	2158
RSAD2	128
RSBN1L	371.22
RSBN1	387
RSC1A1	280.28
RSF1	447
RSL1D1	4233
RSL24D1	2185
RSPH10B2	2
RSPH1	11
RSPH3	80
RSPH4A	5
RSPH6A	0
RSPH9	2
RSPO1	0
RSPO2	2
RSPO3	6
RSPO4	2
RSPRY1	385
RSRC1	244
RSRC2	1575
RSU1	1631
RTBDN	1
RTCD1	963
RTDR1	5
RTEL1	778.51
RTF1	1745
RTKN2	40
RTKN	2938
RTL1	0
RTN1	64
RTN2	241
RTN3	5664
RTN4IP1	340
RTN4RL1	174
RTN4RL2	415
RTN4R	300
RTN4	9230
RTP1	0
RTP2	0
RTP3	815
RTP4	317
RTTN	205
RUFY1	1839
RUFY2	257
RUFY3	788
RUFY4	6
RUNDC1	443
RUNDC2A	18
RUNDC2C	24.99
RUNDC3A	5
RUNDC3B	220
RUNX1T1	6
RUNX1	689
RUNX2	30
RUNX3	142
RUSC1	845
RUSC2	858
RUVBL1	1183.62
RUVBL2	3127
RWDD1	1336
RWDD2A	161
RWDD2B	653
RWDD3	481.11
RWDD4A	446
RXFP1	2
RXFP2	0
RXFP3	0
RXFP4	0
RXRA	8420
RXRB	1818
RXRG	5
RYBP	1231
RYK	997
RYR1	13
RYR2	8
RYR3	8
S100A10	5493
S100A11	1548
S100A12	2
S100A13	1562
S100A14	281
S100A16	4945
S100A1	95
S100A2	6
S100A3	8
S100A4	608
S100A5	0
S100A6	1655
S100A7A	0
S100A7L2	0
S100A7	0
S100A8	48
S100A9	185
S100B	14
S100G	0
S100PBP	420
S100P	119
S100Z	1
S1PR1	884
S1PR2	515
S1PR3	381
S1PR4	40
S1PR5	30
SAA1	4395
SAA2	1849
SAA3P	0
SAA4	6395
SAAL1	325
SAC3D1	590
SACM1L	1209
SACS	183
SAE1	2744
SAFB2	2188
SAFB	2914
SAGE1	0
SAG	0
SALL1	1634
SALL2	79
SALL3	0
SALL4	14
SAMD10	260
SAMD11	25.52
SAMD12	51
SAMD13	12
SAMD14	21
SAMD1	457
SAMD3	17
SAMD4A	687
SAMD4B	1661
SAMD5	132
SAMD7	0
SAMD8	50
SAMD9L	259
SAMD9	213
SAMHD1	699.23
SAMM50	2185
SAMSN1	80
SAP130	893
SAP18	4153
SAP30BP	1840
SAP30L	1459
SAP30	180
SAPS1	3564
SAPS2	5161
SAPS3	2561
SAR1A	3649
SAR1B	2330
SARDH	3724
SARM1	194.77
SARNP	1129.9
SARS2	797
SARS	4792
SART1	2929
SART3	1463
SASH1	590
SASH3	208
SASS6	123
SAT1	10044
SAT2	4322
SATB1	294
SATB2	445
SATL1	71
SAV1	566
SBDSP1	621
SBDS	3222
SBF1P1	1
SBF1	1986
SBF2	973.5
SBK1	29
SBK2	0
SBNO1	315
SBNO2	1718
SBSN	0
SC4MOL	9200
SC5DL	4241
SC65	388
SCAF1	3124
SCAI	200
SCAMP1	1034
SCAMP2	3387
SCAMP3	4390
SCAMP4	1846
SCAMP5	502
SCAND1	2552
SCAND2	267
SCAND3	110
SCAPER	365
SCAP	5056.24
SCARA3	592
SCARA5	4
SCARB1	15280
SCARB2	9949
SCARF1	340
SCARF2	123
SCARNA10	2
SCARNA11	0
SCARNA12	6
SCARNA14	0
SCARNA15	0
SCARNA16	1
SCARNA17	25
SCARNA18	0
SCARNA1	0
SCARNA20	0
SCARNA21	0
SCARNA22	0
SCARNA23	0
SCARNA27	0
SCARNA2	8
SCARNA3	0
SCARNA4	0
SCARNA5	1
SCARNA6	0
SCARNA7	4
SCARNA8	0
SCARNA9L	0
SCARNA9	8
SCCPDH	8789
SCD5	53
SCD	51023
SCEL	0
SCFD1	1441
SCFD2	388
SCG2	5
SCG3	1
SCG5	76
SCGB1A1	0
SCGB1C1	0
SCGB1D1	0
SCGB1D2	0
SCGB1D4	0
SCGB2A1	1
SCGB2A2	0
SCGB3A1	5
SCGB3A2	0
SCGBL	0
SCGN	104
SCHIP1	307
SCIN	9.1
SCLT1	124
SCLY	1721
SCMH1	582
SCML1	959
SCML2	108
SCML4	57
SCN10A	0
SCN11A	3
SCN1A	0
SCN1B	253
SCN2A	5
SCN2B	1
SCN3A	4
SCN3B	3
SCN4A	54
SCN4B	86
SCN5A	1
SCN7A	2
SCN8A	94
SCN9A	139
SCNM1	943
SCNN1A	141
SCNN1B	8
SCNN1D	162
SCNN1G	0
SCO1	790
SCO2	1224
SCOC	1747
SCP2	13304
SCPEP1	1571
SCRG1	0
SCRIB	3556
SCRN1	189
SCRN2	1961
SCRN3	435
SCRT1	1
SCRT2	0
SCTR	8
SCT	1
SCUBE1	118
SCUBE2	24
SCUBE3	4
SCXB	4
SCYL1	4026.21
SCYL2	981
SCYL3	593.93
SDAD1	1093
SDC1	33078
SDC2	16723
SDC3	1726
SDC4P	0
SDC4	14518
SDCBP2	244
SDCBP	5782
SDCCAG1	682
SDCCAG3	1554
SDCCAG8	517
SDF2L1	2081
SDF2	1464
SDF4	6761
SDHAF1	577
SDHAF2	1263
SDHAP1	229
SDHAP2	229
SDHAP3	243
SDHA	8808
SDHB	4593
SDHC	7045
SDHD	4774
SDK1	23
SDK2	15
SDPR	521
SDR16C5	0
SDR39U1	1265.74
SDR42E1	119
SDR9C7	0
SDSL	1821
SDS	4011
SEBOX	1
SEC11A	3655
SEC11C	4405
SEC13	4478
SEC14L1	1604
SEC14L2	4289.28
SEC14L3	8
SEC14L4	227
SEC14L5	8
SEC16A	5091
SEC16B	3064.33
SEC1	3
SEC22A	503
SEC22B	2158
SEC22C	579
SEC23A	2715
SEC23B	2316
SEC23IP	1167
SEC24A	2050
SEC24B	1409
SEC24C	4667
SEC24D	2010
SEC31A	6183
SEC31B	140.7
SEC61A1	16401.68
SEC61A2	240.87
SEC61B	4976
SEC61G	2205
SEC62	5281
SEC63	4056
SECISBP2L	1082
SECISBP2	1550
SECTM1	417
SEH1L	1225
SEL1L2	0
SEL1L3	693
SEL1L	5724
SELENBP1	8389
SELE	36
SELK	1307
SELL	130
SELM	723
SELO	2619
SELPLG	310
SELP	31
SELS	2320
SELT	2668
SELV	0
SEMA3A	12
SEMA3B	236
SEMA3C	21
SEMA3D	18
SEMA3E	1
SEMA3F	713
SEMA3G	379
SEMA4A	94
SEMA4B	1426
SEMA4C	1103
SEMA4D	195
SEMA4F	212
SEMA4G	3116.54
SEMA5A	438
SEMA5B	128
SEMA6A	251
SEMA6B	361
SEMA6C	530
SEMA6D	56
SEMA7A	290
SEMG1	0
SEMG2	0
SENP1	379
SENP2	906
SENP3	1085.75
SENP5	1008
SENP6	1491
SENP7	387
SENP8	47
SEP15	4520
SEPHS1	1951
SEPHS2	21068
SEPN1	2460
SEPP1	86505.32
SEPSECS	1338
SEPT10	1639
SEPT11	2071
SEPT12	0
SEPT14	0
SEPT1	156
SEPT2	5244
SEPT3	24
SEPT4	690
SEPT5	282
SEPT6	2214
SEPT7L	0
SEPT7P2	174
SEPT7	2704
SEPT8	1406.52
SEPT9	9289
SEPW1	2164
SEPX1	4701
SERAC1	216
SERBP1	8604
SERF1A	539
SERF2	20372.11
SERGEF	489
SERHL2	13.24
SERHL	111
SERINC1	6985
SERINC2	9600
SERINC3	3122
SERINC4	6.03
SERINC5	378
SERP1	6966.25
SERP2	53
SERPINA10	7718
SERPINA11	3748
SERPINA12	13
SERPINA13	0
SERPINA1	746711
SERPINA3	89770
SERPINA4	8697
SERPINA5	16431
SERPINA6	17977
SERPINA7	5203
SERPINA9	2
SERPINB10	0
SERPINB11	0
SERPINB12	0
SERPINB13	0
SERPINB1	1839
SERPINB2	0
SERPINB3	0
SERPINB4	0
SERPINB5	0
SERPINB6	2693
SERPINB7	0
SERPINB8	335
SERPINB9	389
SERPINC1	98169
SERPIND1	36079
SERPINE1	3093
SERPINE2	500
SERPINE3	0
SERPINF1	31081
SERPINF2	43803
SERPING1	86364.03
SERPINH1	3451
SERPINI1	164
SERPINI2	0
SERTAD1	563
SERTAD2	1079
SERTAD3	603
SERTAD4	2
SESN1	798
SESN2	1087
SESN3	25
SESTD1	958
SETBP1	337
SETD1A	1226
SETD1B	1115
SETD2	2238
SETD3	2023
SETD4	307
SETD5	1980
SETD6	418.13
SETD7	3462
SETD8	745
SETDB1	1467
SETDB2	370
SETMAR	335
SETX	1895
SET	5745
SEZ6L2	416
SEZ6L	1
SEZ6	3
SF1	5673
SF3A1	3556.99
SF3A2	1994
SF3A3	2196
SF3B14	2093
SF3B1	6922
SF3B2	6898
SF3B3	3410
SF3B4	3103
SF3B5	2960
SF4	1076
SFI1	436
SFMBT1	409
SFMBT2	14
SFN	487.84
SFPQ	4588.01
SFRP1	16
SFRP2	2
SFRP4	80
SFRP5	3
SFRS11	2600
SFRS12IP1	759
SFRS12	1281
SFRS13A	1750
SFRS13B	27
SFRS14	1322.07
SFRS15	1150
SFRS16	934
SFRS17A	1420
SFRS18	1314
SFRS1	4968
SFRS2B	1031
SFRS2IP	2518
SFRS2	4382.41
SFRS3	5577
SFRS4	2480
SFRS5	5185
SFRS6	4307
SFRS7	2296
SFRS8	1131
SFRS9	3273
SFT2D1	240
SFT2D2	201
SFT2D3	737
SFTA1P	5
SFTA2	0
SFTA3	0
SFTPA1	0
SFTPA2	0
SFTPB	0
SFTPC	0
SFTPD	7
SFXN1	2884
SFXN2	686
SFXN3	453
SFXN4	1163
SFXN5	2144
SGCA	19
SGCB	441
SGCD	35
SGCE	439
SGCG	0
SGCZ	0
SGEF	713
SGIP1	21
SGK196	8
SGK1	1756
SGK223	403
SGK269	678
SGK2	1180
SGK3	770.47
SGK494	42
SGMS1	1061
SGMS2	503
SGOL1	54
SGOL2	138
SGPL1	2767
SGPP1	826
SGPP2	4
SGSH	1042
SGSM1	23
SGSM2	890
SGSM3	1914
SGTA	3323
SGTB	161.27
SH2B1	1548
SH2B2	35
SH2B3	1410
SH2D1A	27
SH2D1B	9
SH2D2A	63
SH2D3A	57
SH2D3C	455
SH2D4A	797
SH2D4B	1
SH2D5	3
SH2D6	2
SH2D7	0
SH3BGRL2	2356
SH3BGRL3	3697
SH3BGRL	1065
SH3BGR	98
SH3BP1	208
SH3BP2	1517
SH3BP4	2724
SH3BP5L	1553
SH3BP5	774.12
SH3D19	2361
SH3D20	4
SH3GL1	2467
SH3GL2	1
SH3GL3	0
SH3GLB1	2193
SH3GLB2	1324
SH3KBP1	1099
SH3PXD2A	1344
SH3PXD2B	502
SH3RF1	390
SH3RF2	508
SH3RF3	141
SH3TC1	964
SH3TC2	14
SH3YL1	203
SHANK1	1
SHANK2	1010
SHANK3	1511
SHARPIN	2905
SHBG	423
SHB	1697
SHC1	7589
SHC2	2827
SHC3	4
SHC4	4
SHCBP1	91
SHD	152
SHE	374
SHFM1	5353
SHF	732
SHH	110
SHISA2	6
SHISA3	15
SHISA4	416
SHISA5	7280
SHISA6	0
SHISA7	0
SHISA9	1
SHKBP1	1581
SHMT1	8928.82
SHMT2	7784
SHOC2	1166
SHOX2	5
SHOX	0
SHPK	706
SHPRH	122.71
SHQ1	448
SHROOM1	2589
SHROOM2	436
SHROOM3	1071
SHROOM4	134
SIAE	1894.46
SIAH1	671.81
SIAH2	2636
SIAH3	0
SIDT1	27
SIDT2	1791.05
SIGIRR	1546
SIGLEC10	60
SIGLEC11	16
SIGLEC12	12
SIGLEC14	17
SIGLEC15	9
SIGLEC16	11
SIGLEC1	323
SIGLEC5	15
SIGLEC6	0
SIGLEC7	48
SIGLEC8	14
SIGLEC9	43
SIGLECP3	4
SIGMAR1	7852
SIK1	3329
SIK2	2535
SIK3	1344
SIKE1	950
SIL1	4687
SILV	176
SIM1	1
SIM2	37
SIN3A	1548
SIN3B	1056
SIP1	160
SIPA1L1	1408
SIPA1L2	864
SIPA1L3	972
SIPA1	1747
SIRPA	2610
SIRPB1	114
SIRPB2	23
SIRPD	0
SIRPG	25
SIRT1	607
SIRT2	2157
SIRT3	1541.83
SIRT4	95
SIRT5	1280
SIRT6	592
SIRT7	677
SIT1	28
SIVA1	2068
SIX1	12
SIX2	5
SIX3	0
SIX4	33
SIX5	1024
SIX6	0
SI	0
SKA1	160
SKA2	828
SKA3	121.52
SKAP1	169
SKAP2	792
SKIL	280
SKINTL	0
SKIV2L2	1719.54
SKIV2L	2454.89
SKI	1941
SKP1	7665
SKP2	213
SLA2	39
SLAIN1	40
SLAIN2	1448
SLAMF1	21
SLAMF6	49
SLAMF7	122
SLAMF8	219
SLAMF9	12
SLA	250
SLBP	1340
SLC10A1	2752
SLC10A2	0
SLC10A3	469
SLC10A4	1
SLC10A5	78
SLC10A6	2
SLC10A7	268
SLC11A1	66
SLC11A2	1763
SLC12A1	3
SLC12A2	528
SLC12A3	1
SLC12A4	1476.61
SLC12A5	6
SLC12A6	364.12
SLC12A7	5500
SLC12A8	515
SLC12A9	1434
SLC13A1	0
SLC13A2	32
SLC13A3	457
SLC13A4	3
SLC13A5	7517
SLC14A1	21
SLC14A2	1
SLC15A1	771
SLC15A2	17
SLC15A3	756
SLC15A4	990
SLC16A10	104
SLC16A11	343
SLC16A12	40
SLC16A13	854
SLC16A14	88
SLC16A1	2943
SLC16A2	2243
SLC16A3	439
SLC16A4	53
SLC16A5	43
SLC16A6	11
SLC16A7	57
SLC16A8	4
SLC16A9	28
SLC17A1	286
SLC17A2	1052
SLC17A3	262
SLC17A4	1636
SLC17A5	1531
SLC17A6	0
SLC17A7	7
SLC17A8	1
SLC17A9	2656
SLC18A1	0
SLC18A2	3
SLC18A3	0
SLC19A1	840
SLC19A2	1089
SLC19A3	451
SLC1A1	1110
SLC1A2	970
SLC1A3	198
SLC1A4	1242
SLC1A5	591
SLC1A6	0
SLC1A7	45
SLC20A1	1701
SLC20A2	1796
SLC22A10	400
SLC22A11	75
SLC22A12	11
SLC22A13	0
SLC22A14	0
SLC22A15	74
SLC22A16	1
SLC22A17	79
SLC22A18AS	181
SLC22A18	3661
SLC22A1	2514
SLC22A20	4
SLC22A23	2113.13
SLC22A24	1
SLC22A25	301
SLC22A2	1
SLC22A3	9385
SLC22A4	29
SLC22A5	437
SLC22A6	0
SLC22A7	6942
SLC22A8	0
SLC22A9	1316
SLC23A1	898
SLC23A2	2548
SLC23A3	24.44
SLC24A1	248.17
SLC24A2	0
SLC24A3	14
SLC24A4	4
SLC24A5	1.71
SLC24A6	1054
SLC25A10	5852
SLC25A11	2350
SLC25A12	134
SLC25A13	4406
SLC25A14	147
SLC25A15	3427.78
SLC25A16	545
SLC25A17	852
SLC25A18	1630
SLC25A19	348
SLC25A1	6561
SLC25A20	2417
SLC25A21	2.18
SLC25A22	1408
SLC25A23	2769
SLC25A24	139
SLC25A25	3539
SLC25A26	773.13
SLC25A27	95
SLC25A28	1325
SLC25A29	825
SLC25A2	0
SLC25A30	1586
SLC25A31	0
SLC25A32	861.2
SLC25A33	849
SLC25A34	60
SLC25A35	115.78
SLC25A36	129
SLC25A37	324
SLC25A38	1589
SLC25A39	7311
SLC25A3	15250
SLC25A40	149
SLC25A41	3
SLC25A42	2711
SLC25A43	741
SLC25A44	2813
SLC25A45	469
SLC25A46	810
SLC25A4	1936
SLC25A5	13323
SLC25A6	8995
SLC26A10	9
SLC26A11	669
SLC26A1	841.55
SLC26A2	372
SLC26A3	8
SLC26A4	6
SLC26A5	1
SLC26A6	739
SLC26A7	7
SLC26A8	2
SLC26A9	3
SLC27A1	587
SLC27A2	4761
SLC27A3	2200
SLC27A4	1875
SLC27A5	11618.42
SLC27A6	0
SLC28A1	911
SLC28A2	2
SLC28A3	0
SLC29A1	4480
SLC29A2	122
SLC29A3	495
SLC29A4	245
SLC2A10	1420
SLC2A11	129
SLC2A12	299
SLC2A13	365
SLC2A14	13
SLC2A1	226
SLC2A2	12930
SLC2A3	369
SLC2A4RG	5249
SLC2A4	144
SLC2A5	37
SLC2A6	294
SLC2A7	0
SLC2A8	1146
SLC2A9	390
SLC30A10	1389
SLC30A1	866
SLC30A2	6
SLC30A3	6
SLC30A4	26
SLC30A5	1345
SLC30A6	263
SLC30A7	1299
SLC30A8	0
SLC30A9	1430
SLC31A1	4509
SLC31A2	416
SLC32A1	0
SLC33A1	1208
SLC34A1	7
SLC34A2	8
SLC34A3	2
SLC35A1	636
SLC35A2	1414
SLC35A3	547
SLC35A4	3393
SLC35A5	790
SLC35B1	2758
SLC35B2	2758
SLC35B3	1047
SLC35B4	979
SLC35C1	3715
SLC35C2	2349
SLC35D1	2824
SLC35D2	2198
SLC35D3	0
SLC35E1	1939
SLC35E2	1861.57
SLC35E3	432
SLC35E4	65
SLC35F1	6
SLC35F2	31
SLC35F3	2
SLC35F4	0
SLC35F5	1051
SLC36A1	346
SLC36A2	0
SLC36A3	0
SLC36A4	181
SLC37A1	362
SLC37A2	160
SLC37A3	541
SLC37A4	6305
SLC38A10	10082
SLC38A11	16
SLC38A1	1049
SLC38A2	6958
SLC38A3	21018
SLC38A4	9219
SLC38A5	20
SLC38A6	298
SLC38A7	532
SLC38A8	0
SLC38A9	676
SLC39A10	320
SLC39A11	1925
SLC39A12	0
SLC39A13	1270
SLC39A14	11260
SLC39A1	6539
SLC39A2	0
SLC39A3	1209
SLC39A4	289
SLC39A5	2695
SLC39A6	1079
SLC39A7	8411
SLC39A8	1159
SLC39A9	3782
SLC3A1	52.03
SLC3A2	4185
SLC40A1	8796
SLC41A1	476
SLC41A2	1091
SLC41A3	1453
SLC43A1	6523
SLC43A2	588
SLC43A3	4956.38
SLC44A1	2378
SLC44A2	1222
SLC44A3	529
SLC44A4	17
SLC44A5	39
SLC45A1	20
SLC45A2	9
SLC45A3	423
SLC45A4	178
SLC46A1	3174.27
SLC46A2	5
SLC46A3	1262
SLC47A1	3297
SLC47A2	4
SLC48A1	1096
SLC4A10	3
SLC4A11	11
SLC4A1AP	939
SLC4A1	1
SLC4A2	6401.13
SLC4A3	9
SLC4A4	774
SLC4A5	43
SLC4A7	223
SLC4A8	10
SLC4A9	0
SLC5A10	11.66
SLC5A11	20
SLC5A12	2
SLC5A1	2
SLC5A2	0
SLC5A3	437.51
SLC5A4	2
SLC5A5	1
SLC5A6	2728.2
SLC5A7	0
SLC5A8	0
SLC5A9	599
SLC6A10P	2
SLC6A11	3
SLC6A12	1368
SLC6A13	125
SLC6A14	0
SLC6A15	0
SLC6A16	106
SLC6A17	3
SLC6A18	0
SLC6A19	1
SLC6A1	4276
SLC6A20	2
SLC6A2	2
SLC6A3	1
SLC6A4	1
SLC6A5	0
SLC6A6	223
SLC6A7	1
SLC6A8	422
SLC6A9	107
SLC7A10	2.02
SLC7A11	101
SLC7A13	0
SLC7A14	2
SLC7A1	231
SLC7A2	4687
SLC7A3	0
SLC7A4	1
SLC7A5P1	0
SLC7A5P2	1.26
SLC7A5	645
SLC7A6OS	169.8
SLC7A6	611.65
SLC7A7	265
SLC7A8	158
SLC7A9	679
SLC8A1	83
SLC8A2	2
SLC8A3	4
SLC9A10	0
SLC9A11	1
SLC9A1	312
SLC9A2	1
SLC9A3R1	10443
SLC9A3R2	7551
SLC9A3	5
SLC9A4	0
SLC9A5	8
SLC9A6	579
SLC9A7	53
SLC9A8	1003
SLC9A9	109
SLCO1A2	27
SLCO1B1	5352
SLCO1B3	205
SLCO1C1	3
SLCO2A1	397
SLCO2B1	7361
SLCO3A1	386
SLCO4A1	15
SLCO4C1	24
SLCO5A1	4
SLCO6A1	0
SLED1	5
SLFN11	234
SLFN12L	3
SLFN12	36
SLFN13	61
SLFN14	1
SLFN5	204
SLFNL1	9
SLIT1	6
SLIT2	17
SLIT3	153
SLITRK1	0
SLITRK2	0
SLITRK3	2
SLITRK4	3
SLITRK5	1
SLITRK6	0
SLK	1234
SLMAP	1012
SLMO1	8
SLMO2	1592
SLN	0
SLPI	3207
SLTM	2183
SLU7	1408
SLURP1	0
SMAD1	708
SMAD2	1715
SMAD3	1863
SMAD4	2248.22
SMAD5OS	21
SMAD5	1974
SMAD6	138
SMAD7	406
SMAD9	4
SMAGP	296
SMAP1	1030.84
SMAP2	3431
SMARCA1	3261
SMARCA2	2177
SMARCA4	3192
SMARCA5	1501
SMARCAD1	522
SMARCAL1	702
SMARCB1	1949
SMARCC1	2486
SMARCC2	2778
SMARCD1	1478
SMARCD2	3351
SMARCD3	166
SMARCE1	3557
SMC1A	2936
SMC1B	5
SMC2	476
SMC3	1445
SMC4	1276
SMC5	864
SMC6	1049
SMCHD1	904
SMCP	0
SMCR5	0
SMCR7L	1923
SMCR7	406
SMCR8	764.24
SMEK1	2046
SMEK2	2404
SMEK3P	0
SMG1	2064
SMG5	5858
SMG6	928
SMG7	3259
SMN1	5.44
SMN2	1855.23
SMNDC1	717
SMOC1	3257
SMOC2	258
SMOX	308
SMO	2545
SMPD1	3003
SMPD2	301
SMPD3	43
SMPD4	2310
SMPDL3A	1399
SMPDL3B	20
SMPX	6
SMR3A	0
SMR3B	0
SMS	1636
SMTNL1	4
SMTNL2	3
SMTN	1041
SMU1	1824
SMUG1	1137
SMURF1	1438.58
SMURF2	241
SMYD1	0
SMYD2	1761
SMYD3	400
SMYD4	282
SMYD5	927
SNAI1	83
SNAI2	313
SNAI3	24
SNAP23	1700
SNAP25	53
SNAP29	2282
SNAP47	1479.62
SNAP91	0
SNAPC1	177
SNAPC2	474
SNAPC3	444
SNAPC4	586
SNAPC5	176.03
SNAPIN	1180
SNAR-A13	0
SNAR-A2	0
SNAR-A3	0
SNAR-A4	0
SNAR-B2	0
SNAR-C2	0
SNAR-C3	0
SNAR-C4	0
SNAR-D	0
SNAR-E	0
SNAR-F	0
SNAR-G1	0
SNAR-G2	0
SNAR-H	0
SNAR-I	0
SNCAIP	42
SNCA	8
SNCB	0
SNCG	166
SND1	9690
SNED1	399
SNF8	2327
SNHG10	113
SNHG11	447.71
SNHG12	192
SNHG1	696
SNHG3-RCC1	138.71
SNHG3	54
SNHG4	4.1
SNHG5	2171
SNHG6	1443
SNHG7	893.25
SNHG8	1071
SNHG9	94
SNIP1	374
SNN	680
SNORA10	0
SNORA11B	0
SNORA11C	0
SNORA11D	0
SNORA11E	0
SNORA11	0
SNORA12	0
SNORA13	0
SNORA14A	0
SNORA14B	0
SNORA15	0
SNORA16A	0
SNORA16B	0
SNORA18	0
SNORA19	0
SNORA1	0
SNORA20	0
SNORA21	0
SNORA22	0
SNORA23	0
SNORA24	0
SNORA25	0
SNORA26	0
SNORA27	0
SNORA28	0
SNORA29	0
SNORA2A	0
SNORA2B	0
SNORA30	0
SNORA31	0
SNORA32	0
SNORA34	0
SNORA35	0
SNORA36A	0
SNORA36B	0
SNORA36C	0
SNORA37	0
SNORA38B	0
SNORA38	0
SNORA39	6.79
SNORA3	0
SNORA40	0
SNORA41	0
SNORA42	0
SNORA44	0
SNORA45	0
SNORA46	0
SNORA47	0
SNORA48	0
SNORA49	0
SNORA4	0
SNORA50	0
SNORA51	0
SNORA52	0
SNORA53	1
SNORA54	0
SNORA55	0
SNORA56	0
SNORA57	0
SNORA58	0
SNORA59B	0
SNORA5A	0
SNORA5B	0
SNORA5C	0
SNORA61	0
SNORA62	0
SNORA63	0
SNORA64	0
SNORA65	0
SNORA66	0
SNORA67	0
SNORA68	0
SNORA69	0
SNORA6	0
SNORA70B	0
SNORA70C	0
SNORA70	0
SNORA71A	0
SNORA71B	0
SNORA71C	0
SNORA71D	0
SNORA72	0
SNORA74A	0
SNORA74B	0
SNORA75	0
SNORA76	0
SNORA77	0
SNORA78	0
SNORA79	0
SNORA7B	6
SNORA80	0
SNORA81	0
SNORA84	0
SNORA8	286.77
SNORA9	0
SNORD102	0
SNORD103A	0
SNORD104	0
SNORD105B	0
SNORD105	0
SNORD109B	0
SNORD10	0
SNORD110	0
SNORD111B	0
SNORD111	0
SNORD113-1	0
SNORD113-2	0
SNORD113-4	0
SNORD113-5	0
SNORD113-6	0
SNORD113-7	0
SNORD113-9	0
SNORD114-10	0
SNORD114-11	0
SNORD114-12	0
SNORD114-13	0
SNORD114-14	0
SNORD114-15	0
SNORD114-16	0
SNORD114-17	0
SNORD114-18	0
SNORD114-19	0
SNORD114-1	0
SNORD114-20	0
SNORD114-21	0
SNORD114-22	0
SNORD114-23	0
SNORD114-24	0
SNORD114-25	0
SNORD114-26	0
SNORD114-27	0
SNORD114-28	0
SNORD114-29	0
SNORD114-2	0
SNORD114-30	0
SNORD114-31	0
SNORD114-3	0
SNORD114-4	0
SNORD114-5	0
SNORD114-6	0
SNORD114-7	0
SNORD114-8	0
SNORD114-9	0
SNORD115-10	0
SNORD115-11	0
SNORD115-13	0
SNORD115-14	0
SNORD115-16	0
SNORD115-17	0
SNORD115-1	0
SNORD115-20	0
SNORD115-22	0
SNORD115-25	0
SNORD115-26	0
SNORD115-2	0
SNORD115-30	0
SNORD115-31	0
SNORD115-32	0
SNORD115-33	0
SNORD115-35	0
SNORD115-37	0
SNORD115-38	0
SNORD115-39	0
SNORD115-3	0
SNORD115-40	0
SNORD115-41	0
SNORD115-44	0
SNORD115-48	0
SNORD115-4	0
SNORD115-5	0
SNORD115-6	0
SNORD115-7	0
SNORD115-8	0
SNORD115-9	0
SNORD116-10	0
SNORD116-11	0
SNORD116-12	0
SNORD116-13	0
SNORD116-14	0
SNORD116-15	0
SNORD116-16	0
SNORD116-18	0
SNORD116-19	0
SNORD116-1	0
SNORD116-20	3
SNORD116-22	0
SNORD116-23	0
SNORD116-24	0
SNORD116-25	0
SNORD116-26	0
SNORD116-27	0
SNORD116-28	7.98
SNORD116-29	0
SNORD116-2	0
SNORD116-3	0
SNORD116-4	3.58
SNORD116-5	0
SNORD116-8	0
SNORD117	0
SNORD119	0
SNORD11B	0
SNORD11	0
SNORD121A	0
SNORD121B	0
SNORD123	0
SNORD124	0
SNORD125	0
SNORD126	0
SNORD127	0
SNORD12B	0
SNORD12C	0
SNORD12	0
SNORD15A	0
SNORD15B	0
SNORD16	0
SNORD17	3
SNORD18A	0
SNORD18B	0
SNORD18C	0
SNORD19B	0
SNORD19	0
SNORD1A	0
SNORD1B	0
SNORD1C	19.52
SNORD20	0
SNORD21	0
SNORD22	0
SNORD23	0
SNORD24	0
SNORD25	0
SNORD26	0
SNORD27	0
SNORD28	0
SNORD29	0
SNORD2	0
SNORD30	0
SNORD31	0
SNORD32A	0
SNORD32B	0
SNORD33	0
SNORD34	0
SNORD35A	0
SNORD35B	0
SNORD36A	0
SNORD36B	0
SNORD36C	0
SNORD37	0
SNORD38A	0
SNORD38B	0
SNORD41	0
SNORD42A	0
SNORD42B	0
SNORD43	0
SNORD44	0
SNORD45A	0
SNORD45B	0
SNORD45C	0
SNORD46	0
SNORD47	0
SNORD48	0
SNORD49A	0
SNORD49B	0
SNORD4A	0
SNORD4B	0
SNORD50A	0
SNORD50B	0
SNORD51	0
SNORD52	0
SNORD53	0
SNORD54	0
SNORD55	0
SNORD56B	0
SNORD56	0
SNORD57	0
SNORD58A	0
SNORD58C	0
SNORD59A	0
SNORD59B	0
SNORD5	0
SNORD60	0
SNORD61	0
SNORD62A	0
SNORD63	0
SNORD65	0
SNORD66	0
SNORD67	0
SNORD68	0
SNORD69	0
SNORD6	0
SNORD70	0
SNORD71	0
SNORD72	0
SNORD73A	0
SNORD74	0
SNORD75	0
SNORD76	0
SNORD77	0
SNORD78	0
SNORD79	0
SNORD7	0
SNORD80	0
SNORD81	0
SNORD82	0
SNORD84	0
SNORD85	0
SNORD86	0
SNORD87	0
SNORD88A	0
SNORD88B	0
SNORD88C	0
SNORD89	0
SNORD8	0
SNORD90	0
SNORD91A	0
SNORD91B	0
SNORD92	0
SNORD93	0
SNORD94	0
SNORD95	0
SNORD96A	0
SNORD96B	0
SNORD97	0
SNORD98	0
SNORD99	0
SNORD9	0
SNPH	34
SNRK	1350
SNRNP200	6983
SNRNP25	1105
SNRNP27	674
SNRNP35	883.18
SNRNP40	710
SNRNP48	583
SNRNP70	5142
SNRPA1	726
SNRPA	1757
SNRPB2	1448
SNRPB	5523
SNRPC	3141
SNRPD1	1056
SNRPD2	4071
SNRPD3	3475.22
SNRPE	1991
SNRPF	1435
SNRPG	1323
SNRPN	2847.1
SNTA1	1188
SNTB1	5949
SNTB2	530
SNTG1	0
SNTG2	0
SNTN	0
SNUPN	765
SNURF	38.66
SNW1	1821
SNX10	1265
SNX11	827
SNX12	232
SNX13	892
SNX14	1966
SNX15	789
SNX16	195
SNX17	4503
SNX18	1182
SNX19	1995
SNX1	3550
SNX20	21.25
SNX21	500.59
SNX22	587.35
SNX24	335
SNX25	348
SNX27	1726.58
SNX29	356
SNX2	2094
SNX30	566
SNX31	2
SNX32	1
SNX33	1389
SNX3	4868
SNX4	1778
SNX5	2578
SNX6	1221
SNX7	520
SNX8	638
SNX9	2482
SOAT1	888
SOAT2	66
SOBP	138
SOCS1	128
SOCS2	428
SOCS3	850
SOCS4	461
SOCS5	567
SOCS6	1151
SOCS7	28
SOD1	22667
SOD2	19998
SOD3	298
SOHLH1	0
SOHLH2	0
SOLH	1408
SON	4283
SORBS1	1794
SORBS2	3102
SORBS3	3113
SORCS1	0
SORCS2	92
SORCS3	0
SORD	7187
SORL1	2972
SORT1	2097
SOS1	1380
SOS2	787
SOSTDC1	5
SOST	0
SOX10	0
SOX11	1
SOX12	912
SOX13	1883
SOX14	0
SOX15	9
SOX17	89
SOX18	344
SOX1	0
SOX21	0
SOX2OT	2
SOX2	1
SOX30	1
SOX3	0
SOX4	828
SOX5	103
SOX6	209
SOX7	149.29
SOX8	6
SOX9	926
SP100	2425
SP110	590
SP140L	583.98
SP140	55
SP1	2531
SP2	730
SP3	1790
SP4	141
SP5	135
SP6	27
SP7	0
SP8	0
SP9	0
SPA17	84
SPACA1	0
SPACA3	0
SPACA4	0
SPACA5	0
SPAG11A	0
SPAG11B	0
SPAG16	341
SPAG17	0
SPAG1	236
SPAG4	132
SPAG5	1058
SPAG6	0
SPAG7	1427
SPAG8	10
SPAG9	2059
SPAM1	0
SPANXA2	0
SPANXB2	0
SPANXC	0
SPANXE	0
SPANXN1	0
SPANXN2	0
SPANXN3	0
SPANXN4	0
SPANXN5	0
SPARCL1	2292
SPARC	15172
SPAST	651
SPATA12	1
SPATA13	381
SPATA16	0
SPATA17	1
SPATA18	59
SPATA19	0
SPATA1	5.03
SPATA20	1944
SPATA21	13.47
SPATA22	0
SPATA24	93
SPATA2L	629
SPATA2	603
SPATA3	0
SPATA4	0
SPATA5L1	410
SPATA5	172
SPATA6	12
SPATA7	167
SPATA8	0
SPATA9	6
SPATC1	6
SPATS1	0
SPATS2L	5121
SPATS2	649
SPC24	42
SPC25	98
SPCS1	5072
SPCS2	1684
SPCS3	3402
SPDEF	3
SPDYA	14.55
SPDYC	24
SPDYE1	7.08
SPDYE2	0
SPDYE3	115.74
SPDYE4	0
SPDYE5	5
SPDYE6	22
SPDYE7P	7
SPDYE8P	28
SPEF1	3
SPEF2	104
SPEG	9
SPEM1	0
SPEN	1959
SPERT	0
SPESP1	5
SPG11	1865
SPG20	187
SPG21	4001
SPG7	2156
SPHAR	330.4
SPHK1	195.46
SPHK2	797.7
SPHKAP	0
SPI1	411
SPIB	8
SPIC	2
SPIN1	1444
SPIN2A	0
SPIN2B	122.62
SPIN3	218
SPIN4	90
SPINK13	0
SPINK14	0
SPINK1	2505
SPINK2	0
SPINK4	0
SPINK5	14
SPINK6	0
SPINK7	0
SPINK8	0
SPINK9	0
SPINLW1	0
SPINT1	172
SPINT2	253
SPINT3	0
SPINT4	0
SPIRE1	187
SPIRE2	530
SPNS1	2396.67
SPNS2	301.78
SPNS3	13
SPN	100
SPO11	0
SPOCD1	10
SPOCK1	30
SPOCK2	494
SPOCK3	0
SPON1	40
SPON2	6703
SPOPL	797
SPOP	1712
SPP1	4363
SPP2	1793
SPPL2A	2264
SPPL2B	1487
SPPL3	1394
SPRED1	409
SPRED2	1087
SPRED3	0
SPRN	254
SPRR1A	0
SPRR1B	0
SPRR2A	0
SPRR2B	0
SPRR2C	0
SPRR2D	0
SPRR2E	0
SPRR2F	0
SPRR2G	0
SPRR3	0
SPRR4	0
SPRY1	592
SPRY2	433
SPRY3	46
SPRY4	734
SPRYD3	1736
SPRYD4	1878
SPRYD5	0
SPR	3257
SPSB1	1638
SPSB2	330
SPSB3	1817
SPSB4	1
SPTA1	1
SPTAN1	9814
SPTBN1	17800
SPTBN2	886
SPTBN4	29
SPTBN5	51
SPTB	78
SPTLC1	1046
SPTLC2	698
SPTLC3	599
SPTY2D1	880.36
SPZ1	0
SQLE	3321
SQRDL	2682
SQSTM1	44484.55
SR140	2065
SRA1	1777
SRBD1	435
SRCAP	2846
SRCIN1	376
SRCRB4D	119.41
SRC	1111
SRD5A1	1035
SRD5A2	156
SRD5A3	767
SREBF1	5774
SREBF2	6627
SRFBP1	251
SRF	1599
SRGAP1	155
SRGAP2	872
SRGAP3	94
SRGN	961
SRI	1070
SRL	15
SRMS	0
SRM	2163
SRP14	7328
SRP19	1241.34
SRP54	2103
SRP68	3215
SRP72	2868
SRP9	8683
SRPK1	1661
SRPK2	834
SRPK3	5
SRPRB	3584
SRPR	8577
SRPX2	75
SRPX	40
SRRD	506
SRRM1	1742
SRRM2	10090.93
SRRM3	23
SRRM4	0
SRRM5	31.14
SRRT	2743
SRR	225.05
SRXN1	3642
SRY	0
SS18L1	1137
SS18L2	664
SS18	2001
SSBP1	2103
SSBP2	68
SSBP3	1218
SSBP4	861
SSB	2519.54
SSC5D	49
SSFA2	3136
SSH1	1196
SSH2	433
SSH3	819
SSNA1	1829
SSPN	45
SSPO	22
SSR1	7272
SSR2	11215
SSR3	5918
SSR4	6347
SSRP1	4006
SSSCA1	770
SSTR1	213
SSTR2	36
SSTR3	0
SSTR4	0
SSTR5	0
SST	0
SSU72	4157
SSX1	2
SSX2IP	721
SSX2	0
SSX3	0
SSX4	0
SSX5	0
SSX6	0
SSX7	0
SSX8	0
ST13	9245
ST14	1265
ST18	1
ST20	165.84
ST3GAL1	4454
ST3GAL2	1030
ST3GAL3	548
ST3GAL4	805
ST3GAL5	515
ST3GAL6	635
ST5	1684
ST6GAL1	27460
ST6GAL2	13
ST6GALNAC1	3
ST6GALNAC2	78
ST6GALNAC3	47
ST6GALNAC4	245
ST6GALNAC5	3
ST6GALNAC6	1978
ST7L	288
ST7OT1	36.11
ST7OT2	0
ST7OT3	3.04
ST7OT4	1
ST7	1360.57
ST8SIA1	10
ST8SIA2	0
ST8SIA3	2
ST8SIA4	141
ST8SIA5	3
ST8SIA6	0
STAB1	1794.78
STAB2	3
STAC2	0
STAC3	83
STAC	5
STAG1	692.62
STAG2	2297
STAG3L1	57
STAG3L2	64
STAG3L3	221.26
STAG3L4	216
STAG3	93.99
STAM2	918
STAMBPL1	152
STAMBP	1024
STAM	543
STAP1	2
STAP2	2745
STARD10	12541
STARD13	480
STARD3NL	528
STARD3	1881
STARD4	262
STARD5	325
STARD6	0
STARD7	5125.49
STARD8	526
STAR	5
STAT1	6671
STAT2	3479
STAT3	6786
STAT4	103
STAT5A	708
STAT5B	2317
STAT6	5243
STATH	0
STAU1	7342
STAU2	1155
STBD1	4569
STC1	371
STC2	225
STEAP1	498
STEAP2	217
STEAP3	3707
STEAP4	266
STH	0
STIL	141
STIM1	3825
STIM2	534
STIP1	4740
STK10	824
STK11IP	426
STK11	2073
STK16	1426
STK17A	660
STK17B	311
STK19	699.7
STK24	2610
STK25	2882
STK31	2
STK32A	0
STK32B	12
STK32C	88
STK33	2
STK35	998
STK36	431
STK38L	505
STK38	1482
STK39	302
STK3	733
STK40	1936
STK4	975
STL	4.05
STMN1	2546
STMN2	9
STMN3	119
STMN4	0
STOML1	760
STOML2	3643
STOML3	0
STOM	10704
STON1-GTF2A1L	0
STON1	77
STON2	152
STOX1	23
STOX2	28
STRA13	1739
STRA6	4
STRA8	0
STRADA	817
STRADB	1634
STRAP	2921
STRBP	675
STRC	14.07
STRN3	865
STRN4	2173
STRN	126
STS	592
STT3A	6109
STT3B	2165
STUB1	3299.75
STX10	713
STX11	100
STX12	1184
STX16	2121
STX17	1081
STX18	854
STX19	2
STX1A	61
STX1B	137
STX2	419
STX3	478
STX4	1596
STX5	2010
STX6	845.49
STX7	1117
STX8	447
STXBP1	274
STXBP2	1823
STXBP3	981
STXBP4	122
STXBP5L	0
STXBP5	216
STXBP6	240
STYK1	1
STYXL1	1047
STYX	1136
SUB1	5686
SUCLA2	681.96
SUCLG1	4938
SUCLG2	4517
SUCNR1	15
SUDS3	1122
SUFU	599
SUGT1L1	60.44
SUGT1P1	2
SUGT1	969
SULF1	283
SULF2	1269
SULT1A1	3945
SULT1A2	497
SULT1A3	1137.47
SULT1B1	29
SULT1C2	281
SULT1C3	0
SULT1C4	16
SULT1E1	92
SULT2A1	15565
SULT2B1	4
SULT4A1	2
SULT6B1	0
SUMF1	1512
SUMF2	6983
SUMO1P1	0
SUMO1P3	359
SUMO1	4384
SUMO2	4126
SUMO3	2921
SUMO4	1
SUN1	2756.18
SUN2	6863
SUN3	0
SUN5	0
SUOX	1908
SUPT16H	2581
SUPT3H	99
SUPT4H1	2470.98
SUPT5H	4877
SUPT6H	4640
SUPT7L	1374
SUPV3L1	1199
SURF1	2352
SURF2	524
SURF4	14381
SURF6	1265
SUSD1	174
SUSD2	228
SUSD3	302
SUSD4	321
SUSD5	9
SUV39H1	701
SUV39H2	238
SUV420H1	1105
SUV420H2	279
SUZ12P	115
SUZ12	1203
SV2A	34
SV2B	26
SV2C	0
SVEP1	85
SVIL	1304.24
SVIP	425
SVOPL	0
SVOP	1
SWAP70	1090
SYAP1	2003
SYBU	1689
SYCE1L	4
SYCE1	0
SYCE2	12
SYCN	0
SYCP1	0
SYCP2L	1
SYCP2	7
SYCP3	0
SYDE1	268
SYDE2	52
SYF2	1607
SYK	216
SYMPK	3965
SYN1	22
SYN2	1
SYN3	8
SYNCRIP	3933
SYNC	51.64
SYNE1	758
SYNE2	1807
SYNGAP1	148
SYNGR1	358.98
SYNGR2	5036
SYNGR3	10
SYNGR4	3
SYNJ1	295
SYNJ2BP	1646
SYNJ2	523
SYNM	557
SYNPO2L	1
SYNPO2	257
SYNPO	4366
SYNPR	0
SYNRG	1185
SYPL1	3731
SYPL2	253
SYP	53
SYS1-DBNDD2	20.96
SYS1	1805
SYT10	0
SYT11	168
SYT12	840
SYT13	10
SYT14L	0
SYT14	0
SYT15	25
SYT16	0
SYT17	339
SYT1	38
SYT2	7
SYT3	3
SYT4	0
SYT5	2
SYT6	2
SYT7	1425
SYT8	5
SYT9	1
SYTL1	68
SYTL2	140
SYTL3	29
SYTL4	643
SYTL5	36
SYVN1	6490
TAAR1	0
TAAR2	0
TAAR5	0
TAAR6	0
TAAR8	0
TAAR9	0
TAB1	1264.04
TAB2	1932
TAB3	1650
TAC1	0
TAC3	1
TAC4	0
TACC1	2155
TACC2	1257
TACC3	884
TACO1	2178
TACR1	5
TACR2	6
TACR3	0
TACSTD2	35
TADA1	937
TADA2A	173
TADA2B	1233
TADA3	2690.33
TAF10	2214
TAF11	1087
TAF12	671
TAF13	201
TAF15	4746
TAF1A	79
TAF1B	217
TAF1C	905
TAF1D	782.8
TAF1L	15
TAF1	779
TAF2	805
TAF3	195
TAF4B	12
TAF4	668
TAF5L	1107
TAF5	172
TAF6L	761
TAF6	1585.5
TAF7L	4
TAF7	3083
TAF8	699
TAF9B	682
TAF9	2512
TAGAP	55
TAGLN2	15887
TAGLN3	0
TAGLN	2911.18
TAL1	51
TAL2	3
TALDO1	7770
TANC1	454
TANC2	111
TANK	1121
TAOK1	128
TAOK2	2101
TAOK3	1335
TAP1	3040
TAP2	2314
TAPBPL	1309.27
TAPBP	13128
TAPT1	1300
TARBP1	1044
TARBP2	850
TARDBP	4566
TARM1	0
TARP	8
TARS2	1638
TARSL2	252
TARS	2999
TAS1R1	2
TAS1R2	0
TAS1R3	7
TAS2R10	1
TAS2R13	0
TAS2R14	5.87
TAS2R16	0
TAS2R19	0
TAS2R1	0
TAS2R20	21
TAS2R30	0
TAS2R31	0
TAS2R38	0
TAS2R39	0
TAS2R3	0
TAS2R40	0
TAS2R41	0
TAS2R42	0
TAS2R43	0
TAS2R46	0
TAS2R4	1
TAS2R50	0
TAS2R5	3
TAS2R60	0
TAS2R7	0
TAS2R8	0
TAS2R9	0
TASP1	164
TATDN1	645
TATDN2	1554
TATDN3	647
TAT	11210
TAX1BP1	4722
TAX1BP3	1561.45
TAZ	956
TBC1D10A	634.24
TBC1D10B	1062
TBC1D10C	125
TBC1D12	312
TBC1D13	1288
TBC1D14	1782
TBC1D15	1340
TBC1D16	509
TBC1D17	2032.84
TBC1D19	60
TBC1D1	1529
TBC1D20	1424
TBC1D21	0
TBC1D22A	829
TBC1D22B	354.69
TBC1D23	1024
TBC1D24	608
TBC1D25	577
TBC1D26	0
TBC1D28	0
TBC1D29	0
TBC1D2B	1939
TBC1D2	533
TBC1D3B	191
TBC1D3C	35
TBC1D3G	0
TBC1D3H	15
TBC1D3P2	0
TBC1D3	313.89
TBC1D4	750
TBC1D5	1508
TBC1D7	642
TBC1D8B	395
TBC1D8	1302
TBC1D9B	5367
TBC1D9	944
TBCA	3323
TBCB	1486.78
TBCCD1	476.57
TBCC	762
TBCD	3006.33
TBCEL	449
TBCE	1233.38
TBCK	413
TBK1	954
TBKBP1	256
TBL1XR1	2901
TBL1X	1608
TBL1Y	0
TBL2	1508
TBL3	1876
TBPL1	347
TBPL2	0
TBP	328
TBR1	0
TBRG1	1045
TBRG4	2590
TBX10	23
TBX15	278
TBX18	3
TBX19	66
TBX1	3
TBX20	0
TBX21	24
TBX22	0
TBX2	449
TBX3	1214
TBX4	2
TBX5	0
TBX6	29
TBXA2R	98
TBXAS1	184
TC2N	200
TCAM1P	1
TCAP	17
TCEA1	2427
TCEA2	830
TCEA3	4843
TCEAL1	435
TCEAL2	2
TCEAL3	175
TCEAL4	2694
TCEAL5	3
TCEAL6	10
TCEAL7	12
TCEAL8	1073
TCEANC	59
TCEB1	1571
TCEB2	4852
TCEB3B	0
TCEB3C	0
TCEB3	2198.96
TCERG1L	0
TCERG1	912
TCF12	1180
TCF15	22
TCF19	561
TCF20	1309
TCF21	38
TCF23	0
TCF25	3215
TCF3	1214
TCF4	592
TCF7L1	673
TCF7L2	938
TCF7	510
TCFL5	457
TCHHL1	0
TCHH	5
TCHP	504
TCIRG1	3415
TCL1A	3
TCL1B	0
TCL6	1
TCN1	0
TCN2	722
TCOF1	1542
TCP10L2	0
TCP10L	88.34
TCP10	0
TCP11L1	195
TCP11L2	68
TCP11	2
TCP1	5545.46
TCTA	2176
TCTE1	1
TCTE3	50
TCTEX1D1	12
TCTEX1D2	56
TCTEX1D4	4
TCTN1	489
TCTN2	112
TCTN3	1421
TDGF1	92
TDGF3	9
TDG	439
TDH	0
TDO2	5272
TDP1	377
TDP2	1990
TDRD10	54
TDRD12	0
TDRD1	0
TDRD3	419
TDRD5	0
TDRD6	16
TDRD7	588
TDRD9	3
TDRG1	0
TDRKH	420
TEAD1	1665
TEAD2	649
TEAD3	907
TEAD4	137
TECPR1	455
TECPR2	599
TECRL	0
TECR	3628
TECTA	11
TECTB	1
TEC	61
TEDDM1	0
TEF	1493
TEKT1	0
TEKT2	1
TEKT3	1
TEKT4	7
TEKT5	5
TEK	166
TELO2	1177
TENC1	3074
TEP1	571
TEPP	0
TERC	1
TERF1	829
TERF2IP	1738
TERF2	833
TERT	17
TESC	280
TESK1	1194
TESK2	193
TES	706
TET1	41
TET2	286
TET3	525
TEX101	0
TEX10	407
TEX11	2
TEX12	0
TEX13A	0
TEX13B	0
TEX14	7
TEX15	0
TEX19	5
TEX261	3346
TEX264	3263
TEX28	0
TEX2	2376
TEX9	9
TFAMP1	0
TFAM	666
TFAP2A	13
TFAP2B	0
TFAP2C	1
TFAP2D	0
TFAP2E	8
TFAP4	318
TFB1M	327
TFB2M	1237
TFCP2L1	16
TFCP2	510
TFDP1	1250
TFDP2	369
TFDP3	0
TFE3	1851
TFEB	541
TFEC	51
TFF1	1
TFF2	0
TFF3	95
TFG	5499
TFIP11	1891.94
TFPI2	24
TFPI	8843
TFPT	458.99
TFR2	25956
TFRC	3219
TF	249922
TGDS	443
TGFA	70
TGFB1I1	259
TGFB1	959
TGFB2	108
TGFB3	304
TGFBI	7956
TGFBR1	1157
TGFBR2	3224
TGFBR3	699
TGFBRAP1	171
TGIF1	1450
TGIF2LX	0
TGIF2LY	0
TGIF2	763.92
TGM1	8
TGM2	9624
TGM3	186
TGM4	1
TGM5	0
TGM6	0
TGM7	0
TGOLN2	12107
TGS1	512
TG	8
TH1L	3214
THADA	1034
THAP10	60
THAP11	803
THAP1	274
THAP2	133
THAP3	600.99
THAP4	1820
THAP5	857
THAP6	360
THAP7	876.67
THAP8	312
THAP9	150
THBD	344
THBS1	2466
THBS2	765
THBS3	554.04
THBS4	246.92
THEG	0
THEM4	623
THEM5	6
THEMIS	15
THG1L	268
THNSL1	635
THNSL2	1620
THOC1	575
THOC2	1322
THOC3	1257
THOC4	1465
THOC5	848
THOC6	751.46
THOC7	1389
THOP1	1930
THPO	652
THRAP3	3754
THRA	456.48
THRB	1161
THRSP	251
THSD1P1	109
THSD1	125
THSD4	465
THSD7A	44
THSD7B	6
THTPA	579
THUMPD1	1086
THUMPD2	218
THUMPD3	1343
THY1	2274
THYN1	990
TH	0
TIA1	1275
TIAF1	1753.58
TIAL1	1845
TIAM1	119
TIAM2	41.21
TICAM1	1207
TICAM2	141.06
TIE1	849
TIFAB	6
TIFA	361
TIGD1	121
TIGD2	504
TIGD3	26
TIGD4	3
TIGD5	368
TIGD6	247
TIGD7	249
TIGIT	31
TIMD4	4
TIMELESS	1432
TIMM10	1309
TIMM13	3077
TIMM16	611.01
TIMM17A	2967
TIMM17B	1713
TIMM22	475
TIMM44	1441
TIMM50	1931
TIMM8A	511
TIMM8B	1323
TIMM9	831
TIMP1	7974
TIMP2	2636
TIMP3	5680
TIMP4	9
TINAGL1	755
TINAG	2
TINF2	1419
TIPARP	830.81
TIPIN	115
TIPRL	1647
TIRAP	289
TJAP1	1186
TJP1	2434
TJP2	2470
TJP3	436
TK1	1112
TK2	1546
TKTL1	2
TKTL2	0
TKT	8875
TLCD1	433
TLE1	3648
TLE2	471
TLE3	852
TLE4	206
TLE6	57
TLK1	1889
TLK2	716
TLL1	5
TLL2	5
TLN1	9145
TLN2	512
TLR10	8
TLR1	132
TLR2	162
TLR3	143
TLR4	304
TLR5	100
TLR6	16
TLR7	31
TLR8	28
TLR9	22.79
TLX1NB	1
TLX1	75
TLX2	0
TLX3	0
TM2D1	460
TM2D2	1123
TM2D3	1507
TM4SF18	118
TM4SF19	6.28
TM4SF1	3043
TM4SF20	2
TM4SF4	19839
TM4SF5	5088
TM6SF1	38
TM6SF2	563.33
TM7SF2	6098
TM7SF3	3420
TM7SF4	5
TM9SF1	3197.08
TM9SF2	6145
TM9SF3	6507
TM9SF4	3646
TMBIM1	7886
TMBIM4	2780.55
TMBIM6	55148
TMC1	0
TMC2	1
TMC3	1
TMC4	71
TMC5	28
TMC6	414
TMC7	62
TMC8	217
TMCC1	1250
TMCC2	23
TMCC3	348
TMCO1	7237
TMCO2	0
TMCO3	1353
TMCO4	539
TMCO5A	0
TMCO6	820
TMCO7	680
TMED10P1	66
TMED10	10739
TMED1	1415.77
TMED2	12251
TMED3	999
TMED4	1370
TMED5	4415
TMED6	73
TMED7-TICAM2	97.79
TMED7	4824.96
TMED8	241
TMED9	10675
TMEFF1	38.31
TMEFF2	0
TMEM100	39
TMEM101	1440
TMEM102	164
TMEM104	1388
TMEM105	43
TMEM106A	80
TMEM106B	2246
TMEM106C	2465
TMEM107	119
TMEM108	10
TMEM109	3307
TMEM110	736.92
TMEM111	3106
TMEM114	0
TMEM115	2381
TMEM116	301
TMEM117	144
TMEM119	69
TMEM11	690
TMEM120A	3222
TMEM120B	524.38
TMEM121	16
TMEM123	13042
TMEM125	6
TMEM126A	643
TMEM126B	860
TMEM127	3505
TMEM128	515
TMEM129	2483
TMEM130	4
TMEM131	1924
TMEM132A	217
TMEM132B	4
TMEM132C	0
TMEM132D	2
TMEM132E	12
TMEM133	184
TMEM134	1110
TMEM135	1127
TMEM136	99
TMEM138	837
TMEM139	338
TMEM140	2416.62
TMEM141	2180
TMEM143	470
TMEM144	101
TMEM145	7
TMEM146	0
TMEM147	2296
TMEM149	550
TMEM14A	1862
TMEM14B	2122
TMEM14C	3851
TMEM14E	0
TMEM150A	1366
TMEM150B	171
TMEM150C	219
TMEM151A	19
TMEM151B	11.09
TMEM154	27
TMEM155	1
TMEM156	34
TMEM158	21
TMEM159	63
TMEM160	234
TMEM161A	2176
TMEM161B	396
TMEM163	10
TMEM164	430
TMEM165	919
TMEM167A	2832
TMEM167B	1462
TMEM168	621
TMEM169	98
TMEM170A	573
TMEM170B	649
TMEM171	90
TMEM173	290
TMEM174	0
TMEM175	1124
TMEM176A	27772
TMEM176B	44332
TMEM177	670
TMEM178	46
TMEM179B	1995
TMEM179	0
TMEM17	73
TMEM180	370
TMEM181	1328
TMEM182	79
TMEM183A	2041
TMEM184A	1108.64
TMEM184B	1339.43
TMEM184C	676
TMEM185A	452
TMEM185B	491
TMEM186	441
TMEM187	465
TMEM188	291
TMEM189-UBE2V1	0
TMEM189	1601
TMEM18	720.95
TMEM190	0
TMEM191A	46
TMEM192	1250
TMEM194A	507
TMEM194B	153
TMEM195	1651
TMEM196	0
TMEM198	223
TMEM199	868
TMEM19	1092
TMEM200A	27
TMEM200B	273.72
TMEM200C	5
TMEM201	375
TMEM202	0
TMEM203	1726
TMEM204	337
TMEM205	7032
TMEM206	183
TMEM207	0
TMEM208	2457
TMEM209	787
TMEM20	173
TMEM211	0
TMEM212	0
TMEM213	0
TMEM214	4400
TMEM215	0
TMEM216	138
TMEM217	21.84
TMEM218	422
TMEM219	4148
TMEM220	1295
TMEM222	1599
TMEM223	767
TMEM225	0
TMEM229A	0
TMEM229B	105
TMEM22	117
TMEM231	59.97
TMEM232	5
TMEM233	8
TMEM25	191
TMEM26	20.57
TMEM27	63
TMEM2	4196
TMEM30A	4549
TMEM30B	628
TMEM30C	0
TMEM31	1
TMEM33	3439
TMEM35	2
TMEM37	2839
TMEM38A	168
TMEM38B	633
TMEM39A	701
TMEM39B	429
TMEM40	1
TMEM41A	1056
TMEM41B	1900
TMEM42	496
TMEM43	1479
TMEM44	175
TMEM45A	658
TMEM45B	2290
TMEM47	563
TMEM48	337
TMEM49	4189
TMEM50A	2801
TMEM50B	965
TMEM51	179
TMEM52	107
TMEM53	1178.81
TMEM54	342
TMEM55A	190
TMEM55B	975
TMEM56	3650.16
TMEM57	2181
TMEM59L	3
TMEM59	11108
TMEM5	448
TMEM60	523
TMEM61	5
TMEM62	782
TMEM63A	2272
TMEM63B	3051
TMEM63C	5
TMEM64	1451
TMEM65	413
TMEM66	7440
TMEM67	58
TMEM68	560
TMEM69	766
TMEM70	1620
TMEM71	16
TMEM72	0
TMEM74	57
TMEM79	265
TMEM80	437
TMEM81	138
TMEM82	296
TMEM84	3
TMEM85	2741.95
TMEM86A	221
TMEM86B	915
TMEM87A	1002
TMEM87B	564
TMEM88B	0
TMEM88	89
TMEM89	0
TMEM8A	3300
TMEM8B	443
TMEM8C	0
TMEM90A	1
TMEM90B	2
TMEM91	134
TMEM92	208
TMEM93	752.05
TMEM95	0
TMEM97	3947.61
TMEM98	1705
TMEM99	424
TMEM9B	1461
TMEM9	4694
TMF1	920
TMIE	33
TMIGD1	0
TMIGD2	6
TMLHE	361
TMOD1	680.75
TMOD2	177
TMOD3	1694
TMOD4	1
TMPO	2306.31
TMPPE	33
TMPRSS11A	0
TMPRSS11BNL	0
TMPRSS11B	0
TMPRSS11D	0
TMPRSS11F	0
TMPRSS12	0
TMPRSS13	6
TMPRSS15	0
TMPRSS2	1375
TMPRSS3	76
TMPRSS4	2
TMPRSS5	7
TMPRSS6	7656
TMPRSS7	0
TMPRSS9	99
TMSB10	12803
TMSB15A	3
TMSB15B	4
TMSB4Y	16
TMSL3	23054
TMTC1	209
TMTC2	34
TMTC3	556
TMTC4	658
TMUB1	2307
TMUB2	1412
TMX1	1235
TMX2	3422
TMX3	718
TMX4	1628
TNC	442
TNFAIP1	2741.4
TNFAIP2	1697
TNFAIP3	1297
TNFAIP6	5
TNFAIP8L1	770
TNFAIP8L2	92
TNFAIP8L3	102
TNFAIP8	227
TNFRSF10A	107
TNFRSF10B	1923
TNFRSF10C	53
TNFRSF10D	380
TNFRSF11A	31
TNFRSF11B	145
TNFRSF12A	1829
TNFRSF13B	3
TNFRSF13C	2
TNFRSF14	2334.49
TNFRSF17	2
TNFRSF18	33
TNFRSF19	62
TNFRSF1A	5546
TNFRSF1B	1771
TNFRSF21	955
TNFRSF25	111
TNFRSF4	119
TNFRSF6B	71.55
TNFRSF8	11
TNFRSF9	4
TNFSF10	3263
TNFSF11	19
TNFSF12-TNFSF13	117.72
TNFSF12	562
TNFSF13B	29
TNFSF13	302.53
TNFSF14	77
TNFSF15	3
TNFSF18	1
TNFSF4	95
TNFSF8	15
TNFSF9	15
TNF	8
TNIK	92
TNIP1	7461
TNIP2	1189
TNIP3	1
TNK1	215
TNK2	1255.97
TNKS1BP1	4572
TNKS2	1338
TNKS	886.72
TNMD	1
TNNC1	11
TNNC2	4
TNNI1	149
TNNI2	13
TNNI3K	2.15
TNNI3	0
TNNT1	2
TNNT2	2
TNNT3	0
TNN	26
TNP1	0
TNP2	0
TNPO1	2507
TNPO2	1602
TNPO3	1272
TNRC18	4141
TNRC6A	1500
TNRC6B	973
TNRC6C	446.43
TNR	0
TNS1	3547
TNS3	5138
TNS4	3
TNXB	524.38
TOB1	4242.03
TOB2	1997
TOE1	340.88
TOLLIP	6002
TOM1L1	2215.42
TOM1L2	987
TOM1	4384
TOMM20L	2
TOMM20	8653
TOMM22	2576
TOMM34	1183
TOMM40L	1584.05
TOMM40	2519
TOMM5	1695.93
TOMM6	4750.24
TOMM70A	4226.96
TOMM7	3314
TOP1MT	1665
TOP1P1	152
TOP1P2	10
TOP1	2537
TOP2A	1221
TOP2B	2994
TOP3A	553
TOP3B	547
TOPBP1	843
TOPORS	676
TOR1AIP1	1893
TOR1AIP2	819
TOR1A	1462
TOR1B	1167
TOR2A	580
TOR3A	1899
TOX2	191
TOX3	337
TOX4	2261.86
TOX	25
TP53AIP1	1
TP53BP1	514
TP53BP2	2349
TP53I11	1053
TP53I13	1057
TP53I3	1026
TP53INP1	5332
TP53INP2	2524
TP53RK	548
TP53TG1	871
TP53TG3B	0
TP53TG5	0
TP53	1217
TP63	12
TP73	38
TPBG	31
TPCN1	2171
TPCN2	735.67
TPD52L1	825
TPD52L2	3004
TPD52L3	0
TPD52	2325.3
TPH1	1
TPH2	0
TPI1P2	22
TPI1P3	1
TPI1	14125
TPK1	85
TPM1	4763.95
TPM2	1240
TPM3	10134
TPM4	4650
TPMT	2560
TPO	0
TPP1	10572
TPP2	1249
TPPP2	9
TPPP3	162
TPPP	316
TPRA1	1651
TPRG1L	3213
TPRG1	38
TPRKB	533
TPRN	1096
TPRX1	0
TPRXL	1
TPR	3616.18
TPSAB1	46
TPSB2	69
TPSD1	1
TPSG1	1
TPST1	727
TPST2	2730
TPT1	82684
TPTE2P1	6
TPTE2P3	0
TPTE2	0
TPTE	1
TPX2	913
TRA2A	1209
TRA2B	2835
TRABD	1612
TRADD	775
TRAF1	319
TRAF2	979
TRAF3IP1	541
TRAF3IP2	438
TRAF3IP3	80
TRAF3	242
TRAF4	2313
TRAF5	239
TRAF6	195
TRAF7	3659.63
TRAFD1	896
TRAIP	115
TRAK1	1206
TRAK2	1215
TRAM1L1	15
TRAM1	10825
TRAM2	1086
TRANK1	854
TRAP1	5760.55
TRAPPC10	1270
TRAPPC1	1948
TRAPPC2L	1139
TRAPPC2P1	276.16
TRAPPC2	434
TRAPPC3	1752
TRAPPC4	1136
TRAPPC5	1348
TRAPPC6A	1125
TRAPPC6B	902
TRAPPC9	1434
TRAT1	11
TRDMT1	47
TRDN	0
TREH	34
TREM1	7
TREM2	133
TREML1	1
TREML2P1	0
TREML2	3
TREML3	1
TREML4	0
TRERF1	67
TREX1	406.64
TREX2	3.46
TRHDE	5
TRHR	0
TRH	0
TRIAP1	1407
TRIB1	3261
TRIB2	801
TRIB3	2801
TRIL	89
TRIM10	106
TRIM11	871
TRIM13	473.41
TRIM14	1495
TRIM15	452
TRIM16L	382.55
TRIM16	522
TRIM17	3
TRIM21	659
TRIM22	688
TRIM23	446
TRIM24	1862
TRIM25	1488
TRIM26	4042
TRIM27	3291
TRIM28	6757
TRIM29	15
TRIM2	634
TRIM31	195
TRIM32	323
TRIM33	1061
TRIM34	141
TRIM35	638
TRIM36	15
TRIM37	682.22
TRIM38	627
TRIM39	642.4
TRIM3	309
TRIM40	3
TRIM41	1295.96
TRIM42	0
TRIM43	0
TRIM44	933
TRIM45	118
TRIM46	11
TRIM47	1136
TRIM48	0
TRIM49L	0
TRIM49	0
TRIM4	1172
TRIM50	8
TRIM52	179
TRIM53	0
TRIM54	4
TRIM55	1265
TRIM56	313
TRIM58	3
TRIM59	66.86
TRIM5	873.41
TRIM6-TRIM34	0
TRIM60	0
TRIM61	1
TRIM62	135
TRIM63	0
TRIM64	0
TRIM65	592
TRIM66	298
TRIM67	8
TRIM68	366
TRIM69	17
TRIM6	62
TRIM71	1
TRIM72	0
TRIM74	6
TRIM77	0
TRIM78P	6.45
TRIM7	26
TRIM8	4013
TRIM9	16
TRIML1	0
TRIML2	0
TRIOBP	2298
TRIO	1131
TRIP10	657
TRIP11	827
TRIP12	2949
TRIP13	149
TRIP4	683
TRIP6	2670
TRIT1	400
TRMT112	4343
TRMT11	402
TRMT12	406
TRMT1	1237
TRMT2A	1690
TRMT2B	367
TRMT5	550
TRMT61A	957
TRMT61B	420.81
TRMT6	553
TRMU	663
TRNAU1AP	418
TRNP1	364
TRNT1	393.21
TROAP	257
TROVE2	1590.87
TRO	224
TRPA1	1.02
TRPC1	38
TRPC2	1
TRPC3	1
TRPC4AP	3562
TRPC4	11
TRPC5	7
TRPC6	24
TRPC7	0
TRPM1	0
TRPM2	99
TRPM3	2
TRPM4	643
TRPM5	1
TRPM6	3
TRPM7	1329
TRPM8	542
TRPS1	144
TRPT1	807
TRPV1	467.23
TRPV2	259
TRPV3	1.52
TRPV4	99
TRPV5	0
TRPV6	2
TRRAP	1750.73
TRUB1	541
TRUB2	1639
TRY6	0
TRYX3	0
TSC1	836
TSC22D1	4334
TSC22D2	657
TSC22D3	2546
TSC22D4	1483
TSC2	2489
TSEN15	810
TSEN2	212
TSEN34	1514
TSEN54	946
TSFM	1590
TSG101	2400
TSG1	0
TSGA10IP	1
TSGA10	23
TSGA13	0
TSGA14	252
TSHB	0
TSHR	2
TSHZ1	859
TSHZ2	195
TSHZ3	61
TSIX	2.54
TSKS	1
TSKU	7450
TSLP	32
TSNARE1	378
TSNAX-DISC1	0
TSNAXIP1	18
TSNAX	1738
TSN	2753
TSPAN10	50
TSPAN11	16
TSPAN12	557
TSPAN13	838
TSPAN14	2082
TSPAN15	375
TSPAN16	0
TSPAN17	1530
TSPAN18	382
TSPAN19	0
TSPAN1	113
TSPAN2	15
TSPAN31	1863
TSPAN32	13
TSPAN33	2452
TSPAN3	2720
TSPAN4	1988
TSPAN5	9
TSPAN6	3991
TSPAN7	452
TSPAN8	2323
TSPAN9	3011
TSPO2	14
TSPO	1580
TSPY1	0
TSPY2	0
TSPY3	0
TSPY4	0
TSPYL1	2398
TSPYL2	690
TSPYL3	3
TSPYL4	326
TSPYL5	40
TSPYL6	0
TSR1	1106.71
TSR2	1644
TSSC1	697
TSSC4	1281
TSSK1B	1
TSSK2	0
TSSK3	36.76
TSSK4	5
TSSK6	58
TSTA3	3471
TSTD1	1306.72
TSTD2	405.94
TST	14098
TTBK1	133
TTBK2	53
TTC12	216
TTC13	608
TTC14	566
TTC15	1434
TTC16	3
TTC17	2098
TTC18	47.15
TTC19	974.32
TTC1	1774
TTC21A	39
TTC21B	376
TTC22	56
TTC23L	4
TTC23	612
TTC24	1
TTC25	9
TTC26	32
TTC27	580
TTC28	681.7
TTC29	0
TTC30A	170
TTC30B	100
TTC31	1378
TTC32	139
TTC33	703
TTC35	1508
TTC36	107
TTC37	1722
TTC38	6153
TTC39A	211
TTC39B	67
TTC39C	4704
TTC3	3823
TTC4	793
TTC5	171
TTC7A	1155.75
TTC7B	431
TTC8	369
TTC9B	0
TTC9C	386
TTC9	554
TTF1	270
TTF2	194
TTK	129
TTLL10	1
TTLL11	100
TTLL12	2146
TTLL13	10.49
TTLL1	149
TTLL2	14
TTLL3	384.15
TTLL4	665
TTLL5	349
TTLL6	4
TTLL7	22
TTLL8	0
TTLL9	6
TTL	1114
TTN	63.26
TTPAL	1010
TTPA	560
TTR	63093
TTTY10	0
TTTY11	0
TTTY12	0
TTTY13	0
TTTY14	1
TTTY15	13
TTTY16	0
TTTY17A	0
TTTY17B	0
TTTY18	0
TTTY19	0
TTTY1B	0
TTTY20	0
TTTY21	0
TTTY22	0
TTTY23	0
TTTY2	0
TTTY3B	0
TTTY4C	0
TTTY5	0
TTTY6B	0
TTTY6	0
TTTY7	0
TTTY8	0
TTTY9B	0
TTYH1	7
TTYH2	129.8
TTYH3	2577
TUBA1A	1289
TUBA1B	16587.3
TUBA1C	4019
TUBA3C	1
TUBA3D	4
TUBA3E	2
TUBA4A	2040
TUBA4B	13
TUBA8	120
TUBAL3	0
TUBB1	19
TUBB2A	3865
TUBB2B	25.63
TUBB2C	7981
TUBB3	273.62
TUBB4Q	0
TUBB4	233
TUBB6	1120.02
TUBB8	4
TUBBP5	5
TUBB	23553
TUBD1	215
TUBE1	306
TUBG1	1651
TUBG2	319
TUBGCP2	2317.91
TUBGCP3	640
TUBGCP4	218
TUBGCP5	485
TUBGCP6	1212
TUB	54
TUFM	10571
TUFT1	554
TUG1	3387
TULP1	0
TULP2	0
TULP3	514
TULP4	663
TUSC1	290
TUSC2	1094
TUSC3	84
TUSC5	0
TUT1	1634
TWF1	2394
TWF2	2189.48
TWIST1	6
TWIST2	2
TWISTNB	543
TWSG1	377
TXK	9
TXLNA	3094
TXLNB	14
TXLNG	154
TXN2	4090
TXNDC11	3246
TXNDC12	2684
TXNDC15	1622
TXNDC16	412
TXNDC17	1683.5
TXNDC2	0
TXNDC3	1
TXNDC5	10990.29
TXNDC6	3
TXNDC8	0
TXNDC9	789
TXNIP	7819
TXNL1	2670
TXNL4A	1769
TXNL4B	628
TXNRD1	5224
TXNRD2	2357
TXNRD3IT1	367
TXN	9812
TYK2	2621
TYMP	3542
TYMS	821.24
TYRO3	200
TYROBP	1014
TYRP1	1
TYR	0
TYSND1	1045
TYW1B	120
TYW1	870
TYW3	577.78
T	0
U2AF1L4	231
U2AF1	2308
U2AF2	4217
UACA	1312
UAP1L1	131
UAP1	3479
UBA1	9668
UBA2	2335
UBA3	948
UBA52	16712
UBA5	1472
UBA6	868
UBA7	1812
UBAC1	1138
UBAC2	2805.5
UBAP1	2240
UBAP2L	4265
UBAP2	808
UBASH3A	16
UBASH3B	80
UBB	42005
UBC	52100
UBD	14764
UBE2A	1817
UBE2B	2263
UBE2CBP	56
UBE2C	388
UBE2D1	455
UBE2D2	2419
UBE2D3	7073
UBE2D4	471.55
UBE2DNL	0
UBE2E1	1386
UBE2E2	471
UBE2E3	1379
UBE2F	1208
UBE2G1	1482
UBE2G2	2374
UBE2H	1449
UBE2I	1961
UBE2J1	1965
UBE2J2	1324
UBE2K	3114
UBE2L3	2690
UBE2L6	3086
UBE2MP1	125
UBE2M	2019
UBE2NL	2
UBE2N	2084
UBE2O	1128
UBE2Q1	3978
UBE2Q2P1	14
UBE2Q2	618
UBE2QL1	76
UBE2R2	3307
UBE2S	561
UBE2T	295
UBE2U	0
UBE2V1	4604
UBE2V2	1527
UBE2W	804
UBE2Z	2912
UBE3A	2035.69
UBE3B	1655
UBE3C	2808
UBE4A	2509
UBE4B	1461
UBFD1	1711
UBIAD1	1073
UBL3	1721
UBL4A	1984
UBL4B	0
UBL5	4608
UBL7	1422
UBLCP1	677
UBN1	1587
UBN2	566
UBOX5	455.95
UBP1	2007
UBQLN1	4604
UBQLN2	1459
UBQLN3	0
UBQLN4	2744
UBQLNL	12
UBR1	581
UBR2	1068
UBR3	1520
UBR4	4754
UBR5	2164
UBR7	1073
UBTD1	514
UBTD2	780
UBTFL1	0
UBTF	3880
UBXN10	182
UBXN11	471
UBXN1	3168
UBXN2A	349
UBXN2B	1348
UBXN4	4797
UBXN6	3777
UBXN7	134
UBXN8	515
UCA1	2
UCHL1	28
UCHL3	566
UCHL5	933.77
UCK1	1463
UCK2	695
UCKL1AS	13.07
UCKL1	1274.99
UCMA	0
UCN2	1
UCN3	0
UCN	14
UCP1	0
UCP2	823
UCP3	17
UEVLD	205
UFC1	4020
UFD1L	2546.99
UFM1	2138
UFSP1	77
UFSP2	645.38
UGCG	222
UGDH	5154
UGGT1	3801
UGGT2	524
UGP2	9491
UGT1A10	3.11
UGT1A1	4862.77
UGT1A3	370.52
UGT1A4	2848.84
UGT1A5	54.4
UGT1A6	13454.52
UGT1A7	2.94
UGT1A8	19.3
UGT1A9	5368.42
UGT2A1	21
UGT2A3	688
UGT2B10	5724
UGT2B11	318.56
UGT2B15	10432
UGT2B28	45
UGT2B4	28429
UGT2B7	6461
UGT3A1	1314
UGT3A2	12
UGT8	1
UHMK1	278
UHRF1BP1L	1051
UHRF1BP1	695
UHRF1	155
UHRF2	662
UIMC1	522
ULBP1	5
ULBP2	12
ULBP3	4
ULK1	2516
ULK2	184
ULK3	1282
ULK4	89
UMODL1	1
UMOD	0
UMPS	1451
UNC119B	623
UNC119	788
UNC13A	7
UNC13B	1805
UNC13C	0
UNC13D	186
UNC45A	2530
UNC45B	2
UNC50	996
UNC5A	9
UNC5B	443
UNC5CL	790.04
UNC5C	3
UNC5D	0
UNC80	2
UNC93A	143
UNC93B1	1040
UNCX	0
UNG	1648
UNKL	445
UNK	930
UOX	0
UPB1	6490
UPF0639	0
UPF1	4379
UPF2	1179
UPF3A	788
UPF3B	401
UPK1A	3.09
UPK1B	0
UPK2	1
UPK3A	7
UPK3BL	303.38
UPK3B	10
UPP1	543
UPP2	41
UPRT	324
UQCC	1354
UQCR10	3848
UQCR11	4240
UQCRB	9557
UQCRC1	11458
UQCRC2	5791
UQCRFS1	4013
UQCRHL	845
UQCRH	3342
UQCRQ	10215
URB1	1097
URB2	368
URGCP	1469
URM1	2102
UROC1	481
UROD	3767
UROS	1480
USE1	894
USF1	2068
USF2	4304
USH1C	21
USH1G	0
USH2A	136
USHBP1	107
USMG5	2795
USO1	2976
USP10	1909
USP11	1567
USP12	251
USP13	652
USP14	1872
USP15	1180
USP16	1239
USP17L2	0
USP17L6P	0
USP17	0
USP18	521
USP19	2243
USP1	863
USP20	1047
USP21	495
USP22	4769
USP24	1812
USP25	953
USP26	0
USP27X	117
USP28	554
USP29	0
USP2	272
USP30	957
USP31	773
USP32	1363
USP33	1289
USP34	2127
USP35	382
USP36	1521
USP37	493
USP38	961
USP39	1310
USP3	654.98
USP40	1635
USP42	418
USP43	63
USP44	1
USP45	153
USP46	306
USP47	2574
USP48	1179
USP49	12
USP4	1282
USP50	0
USP51	11
USP53	311
USP54	193
USP5	3378
USP6NL	763
USP6	44
USP7	3232
USP8	1428.85
USP9X	4899
USP9Y	43
USPL1	424
UST	29
UTF1	0
UTP11L	795
UTP14A	711
UTP14C	976
UTP15	406
UTP18	1051
UTP20	606
UTP23	552
UTP3	941
UTP6	1233
UTRN	1651
UTS2D	7
UTS2R	0
UTS2	1
UTY	171
UVRAG	738
UXS1	1283
UXT	1933.95
VAC14	1857
VAMP1	209.99
VAMP2	1483
VAMP3	2108
VAMP4	552
VAMP5	2121
VAMP7	2097
VAMP8	3504
VANGL1	417
VANGL2	21
VAPA	4571
VAPB	1627
VARS2	1878.26
VARS	4423
VASH1	454.52
VASH2	42
VASN	1836
VASP	2154
VAT1L	20
VAT1	5395
VAV1	113
VAV2	3240
VAV3	92
VAX1	0
VAX2	5
VBP1	1167
VCAM1	784
VCAN	481
VCL	1601
VCPIP1	953
VCP	12810
VCX2	0
VCX3A	2
VCX3B	0
VCX	0
VCY	0
VDAC1	10178
VDAC2	2101
VDAC3	2707
VDR	129
VEGFA	5185
VEGFB	1412
VEGFC	163
VENTXP1	0
VENTXP7	0
VENTX	12
VEPH1	7
VEZF1	1031
VEZT	1221
VGF	1
VGLL1	0
VGLL2	0
VGLL3	46
VGLL4	1229.5
VHLL	0
VHL	764
VIL1	1204
VILL	39
VIM	10123
VIPAR	716
VIPR1	47
VIPR2	2.75
VIP	5
VIT	0
VKORC1L1	1491
VKORC1	5306.47
VLDLR	74
VMA21	1135
VMAC	126
VMO1	66
VN1R1	9
VN1R2	0
VN1R4	0
VN1R5	0
VNN1	2416
VNN2	243
VNN3	430
VOPP1	1218
VPRBP	1043.25
VPREB1	0
VPREB3	17
VPS11	1453
VPS13A	551
VPS13B	840
VPS13C	1116
VPS13D	1578
VPS16	1657
VPS18	1341
VPS24	1692
VPS25	2245
VPS26A	1661
VPS26B	2533
VPS28	5529
VPS29	2236
VPS33A	978.61
VPS33B	468
VPS35	2101
VPS36	1213
VPS37A	876.65
VPS37B	476
VPS37C	618
VPS37D	190
VPS39	1832
VPS41	1183
VPS45	1207
VPS4A	2090
VPS4B	1253
VPS52	2552
VPS53	917
VPS54	1029
VPS72	1635
VPS8	647
VRK1	252
VRK2	357.95
VRK3	1434
VSIG10L	163
VSIG10	954
VSIG1	9
VSIG2	12
VSIG4	199
VSIG8	0
VSNL1	568
VSTM1	0
VSTM2A	0
VSTM2B	0
VSTM2L	41
VSX1	2
VSX2	0
VTA1	1171
VTCN1	5
VTI1A	450.67
VTI1B	1922.03
VTN	265788
VTRNA1-1	0
VTRNA1-2	0
VTRNA1-3	0
VWA1	4117
VWA2	1
VWA3A	0
VWA3B	2
VWA5A	267
VWA5B1	0
VWA5B2	3
VWC2L	0
VWC2	0
VWCE	446
VWDE	0
VWF	2744
WAC	3257
WAPAL	1654
WARS2	459
WARS	2439
WASF1	315
WASF2	2571
WASF3	163
WASH2P	650
WASH3P	678
WASH5P	324
WASH7P	1691
WASL	2914
WAS	231
WBP11P1	9
WBP11	2325
WBP1	2437.55
WBP2NL	4.04
WBP2	6969
WBP4	415
WBP5	831
WBSCR16	2468
WBSCR17	5
WBSCR22	2382
WBSCR26	1
WBSCR27	102
WBSCR28	2
WDFY1	1042
WDFY2	220
WDFY3	585
WDFY4	75
WDHD1	100
WDR11	1348
WDR12	672
WDR13	3861
WDR16	1
WDR17	2
WDR18	1455
WDR19	480
WDR1	7049
WDR20	497
WDR24	804
WDR25	326
WDR26	3953
WDR27	107
WDR31	25
WDR33	2106
WDR34	1408
WDR35	224
WDR36	1084
WDR37	494
WDR38	0
WDR3	938
WDR41	623
WDR43	1117
WDR44	525
WDR45L	2976
WDR45	2368
WDR46	1971
WDR47	167
WDR48	1105
WDR49	0
WDR4	296
WDR52	114
WDR53	230
WDR54	85
WDR55	943.93
WDR59	1661
WDR5B	362
WDR5	1786
WDR60	238
WDR61	1334
WDR62	189
WDR63	0
WDR64	0
WDR65	5
WDR66	8
WDR67	230
WDR69	0
WDR6	3465.91
WDR70	697
WDR72	382
WDR73	320.82
WDR74	1399
WDR75	987
WDR76	165
WDR77	1040
WDR78	26
WDR7	569
WDR81	2064
WDR82	2500
WDR83	348
WDR85	455
WDR86	5
WDR87	0
WDR88	5
WDR89	416
WDR8	514
WDR90	455
WDR91	705
WDR92	287
WDR93	2
WDSUB1	250
WDTC1	2158
WDYHV1	337
WEE1	1125
WEE2	1
WFDC10A	0
WFDC10B	0
WFDC11	0
WFDC12	0
WFDC13	0
WFDC1	35
WFDC2	20
WFDC3	5
WFDC5	0
WFDC6	0
WFDC8	0
WFDC9	0
WFIKKN1	22
WFIKKN2	1
WFS1	1595
WHAMML1	92
WHAMML2	39
WHAMM	448
WHSC1L1	632
WHSC1	1307
WHSC2	863
WIBG	1243
WIF1	0
WIPF1	616
WIPF2	981
WIPF3	15
WIPI1	783
WIPI2	3204
WISP1	22
WISP2	16
WISP3	1
WIT1	0
WIZ	1750
WLS	605
WNK1	4267
WNK2	43
WNK3	68
WNK4	63.91
WNT10A	7
WNT10B	5
WNT11	67
WNT16	1
WNT1	1
WNT2B	7
WNT2	2
WNT3A	2
WNT3	72
WNT4	68
WNT5A	191
WNT5B	119
WNT6	5
WNT7A	0
WNT7B	3
WNT8A	0
WNT8B	0
WNT9A	1
WNT9B	1
WRAP53	272
WRB	940
WRNIP1	1806
WRN	173
WSB1	1356
WSB2	2620
WSCD1	101
WSCD2	2
WT1	1
WTAP	1652
WTIP	71
WWC1	1407
WWC2	952
WWC3	707
WWOX	396
WWP1	4612
WWP2	1724
WWTR1	261.71
XAB2	2260
XAF1	1110
XAGE1D	2
XAGE2	0
XAGE3	0
XAGE5	0
XBP1	19069
XCL1	12
XCL2	16
XCR1	0
XDH	1772
XG	5
XIAP	1786
XIRP1	3
XIRP2	0
XIST	8.55
XKR3	0
XKR4	0
XKR5	0
XKR6	1
XKR7	0
XKR8	596
XKR9	26
XKRX	3
XKRY2	0
XKRY	0
XK	99
XPA	438
XPC	1860
XPNPEP1	1251
XPNPEP2	480
XPNPEP3	349.19
XPO1	4225
XPO4	573
XPO5	1446
XPO6	2314
XPO7	1197
XPOT	2236
XPR1	998
XRCC1	1069
XRCC2	31
XRCC3	309
XRCC4	151
XRCC5	8209
XRCC6BP1	181
XRCC6	8996
XRN1	1137
XRN2	2372
XRRA1	646.98
XYLB	1307
XYLT1	47
XYLT2	1236
YAF2	458
YAP1	2329
YARS2	463
YARS	3008
YBX1	10007
YBX2	39
YDJC	509
YEATS2	693.99
YEATS4	422
YES1	2088
YIF1A	4513
YIF1B	2016.12
YIPF1	1586
YIPF2	1710
YIPF3	6304
YIPF4	1125
YIPF5	1399
YIPF6	503
YIPF7	0
YJEFN3	57.6
YKT6	1895
YLPM1	1193
YME1L1	4483
YOD1	451
YPEL1	241.21
YPEL2	976
YPEL3	1498
YPEL4	10
YPEL5	2965
YRDC	559.6
YSK4	0
YTHDC1	1622
YTHDC2	971
YTHDF1	2150
YTHDF2	2220
YTHDF3	2805
YWHAB	6617
YWHAE	10421
YWHAG	5941
YWHAH	3619
YWHAQ	5562
YWHAZ	13006
YY1AP1	2971
YY1	1716
YY2	19
ZACN	0
ZADH2	864
ZAK	1582.87
ZAN	0
ZAP70	91
ZAR1L	0
ZAR1	0
ZBBX	0
ZBED1	3076.7
ZBED2	4
ZBED3	78
ZBED4	600
ZBED5	596
ZBP1	13
ZBTB10	558
ZBTB11	662.59
ZBTB12	95
ZBTB16	187
ZBTB17	769
ZBTB1	701
ZBTB20	18
ZBTB22	827
ZBTB24	270
ZBTB25	89.25
ZBTB26	38
ZBTB2	414
ZBTB32	5
ZBTB33	1487
ZBTB34	264
ZBTB37	39
ZBTB38	1718
ZBTB39	252
ZBTB3	124
ZBTB40	615
ZBTB41	751
ZBTB42	456
ZBTB43	388
ZBTB44	1323
ZBTB45	333
ZBTB46	153
ZBTB47	386
ZBTB48	688
ZBTB49	120
ZBTB4	945
ZBTB5	540
ZBTB6	249
ZBTB7A	1149
ZBTB7B	3154
ZBTB7C	38
ZBTB8A	196
ZBTB8B	0
ZBTB8OS	394
ZBTB9	377
ZC3H10	291
ZC3H11A	4538
ZC3H12A	435
ZC3H12B	36
ZC3H12C	269
ZC3H12D	8
ZC3H13	1362
ZC3H14	1570
ZC3H15	2113
ZC3H18	1177
ZC3H3	1392
ZC3H4	1088
ZC3H6	234
ZC3H7A	1148
ZC3H7B	3799
ZC3H8	156
ZC3HAV1L	4
ZC3HAV1	1386
ZC3HC1	775
ZC4H2	253
ZCCHC10	400
ZCCHC11	916
ZCCHC12	2
ZCCHC13	0
ZCCHC14	1715
ZCCHC16	10
ZCCHC17	672
ZCCHC18	4
ZCCHC24	1704
ZCCHC2	895.43
ZCCHC3	878
ZCCHC4	216
ZCCHC5	0
ZCCHC6	1306
ZCCHC7	487
ZCCHC8	740
ZCCHC9	999
ZCRB1	1381
ZCWPW1	154
ZCWPW2	10
ZDBF2	45
ZDHHC11	73
ZDHHC12	1588
ZDHHC13	109
ZDHHC14	666
ZDHHC15	5
ZDHHC16	1100
ZDHHC17	584
ZDHHC18	1189
ZDHHC19	23
ZDHHC1	89
ZDHHC20	77
ZDHHC21	65
ZDHHC22	0
ZDHHC23	314
ZDHHC24	478
ZDHHC2	200
ZDHHC3	1870
ZDHHC4	1424
ZDHHC5	3617
ZDHHC6	1150.62
ZDHHC7	856
ZDHHC8P1	2
ZDHHC8	764
ZDHHC9	3615
ZEB1	700
ZEB2	327
ZER1	1268
ZFAND1	836
ZFAND2A	1400
ZFAND2B	1688
ZFAND3	3748
ZFAND5	6496
ZFAND6	2514
ZFATAS	0
ZFAT	341.58
ZFC3H1	578
ZFHX3	831
ZFHX4	383
ZFP106	1293
ZFP112	62
ZFP14	179
ZFP161	442
ZFP1	225
ZFP28	36
ZFP2	24
ZFP30	126
ZFP36L1	8159
ZFP36L2	4554
ZFP36	4066
ZFP37	29
ZFP3	36
ZFP41	553.52
ZFP42	0
ZFP57	1
ZFP62	463
ZFP64	544
ZFP82	42
ZFP90	366
ZFP91-CNTF	0
ZFP91	2179.05
ZFP92	1
ZFPL1	1254
ZFPM1	460
ZFPM2	37
ZFR2	1
ZFR	2351
ZFX	613
ZFYVE16	970
ZFYVE19	1176
ZFYVE1	876
ZFYVE20	875
ZFYVE21	862
ZFYVE26	814
ZFYVE27	1188
ZFYVE28	202
ZFYVE9	702
ZFY	112
ZG16B	7
ZG16	168
ZGLP1	40.37
ZGPAT	2081.14
ZHX1	2187
ZHX2	1751
ZHX3	1161
ZIC1	127
ZIC2	168
ZIC3	0
ZIC4	13
ZIC5	29
ZIK1	16
ZIM2	0
ZIM3	0
ZKSCAN1	1229
ZKSCAN2	204
ZKSCAN3	131
ZKSCAN4	156
ZKSCAN5	474
ZMAT1	232
ZMAT2	3007
ZMAT3	110
ZMAT4	0
ZMAT5	862.8
ZMIZ1	1835
ZMIZ2	2533
ZMPSTE24	2655
ZMYM1	239
ZMYM2	905
ZMYM3	1176
ZMYM4	1057
ZMYM5	282
ZMYM6	425
ZMYND10	13
ZMYND11	1971
ZMYND12	66
ZMYND15	169
ZMYND17	137
ZMYND19	555
ZMYND8	714
ZNF100	96
ZNF101	111
ZNF107	115
ZNF10	199
ZNF114	3
ZNF117	267.91
ZNF121	51
ZNF124	56
ZNF12	637
ZNF131	535
ZNF132	48
ZNF133	340
ZNF134	166
ZNF135	25
ZNF136	161
ZNF137	28
ZNF138	184
ZNF140	478
ZNF141	55
ZNF142	480
ZNF143	429
ZNF146	2049
ZNF148	1203
ZNF14	60
ZNF154	19
ZNF155	201.34
ZNF157	0
ZNF160	265
ZNF165	121
ZNF167	35
ZNF169	44
ZNF16	365
ZNF174	336
ZNF175	96
ZNF177	38.5
ZNF17	123
ZNF180	190
ZNF181	393
ZNF182	209
ZNF184	178
ZNF185	120
ZNF187	299
ZNF189	770
ZNF18	261
ZNF192	199
ZNF193	207
ZNF195	346
ZNF197	453
ZNF19	62
ZNF200	317
ZNF202	235
ZNF204P	21
ZNF205	513.8
ZNF207	3269
ZNF208	13
ZNF20	93.05
ZNF211	165
ZNF212	515
ZNF213	249
ZNF214	31
ZNF215	7
ZNF217	1459
ZNF219	1142
ZNF221	13
ZNF222	74.05
ZNF223	68.2
ZNF224	218.12
ZNF225	74
ZNF226	324
ZNF227	286.72
ZNF229	43
ZNF22	1126
ZNF230	100
ZNF232	224
ZNF233	22
ZNF234	165
ZNF235	87
ZNF236	247
ZNF238	1598
ZNF239	35
ZNF23	289.81
ZNF248	261
ZNF24	2273
ZNF250	224.72
ZNF251	477
ZNF252	1103
ZNF253	188
ZNF254	326.21
ZNF256	77
ZNF257	10
ZNF259	1290
ZNF25	179
ZNF260	496
ZNF263	977.43
ZNF264	541
ZNF266	533
ZNF267	223
ZNF268	362
ZNF26	258
ZNF271	777
ZNF273	58
ZNF274	728
ZNF275	1085
ZNF276	585.18
ZNF277	935
ZNF280A	0
ZNF280B	4
ZNF280C	87
ZNF280D	853.82
ZNF281	595
ZNF282	1199
ZNF283	34
ZNF284	21.17
ZNF285	32
ZNF286A	124
ZNF286B	12
ZNF287	20
ZNF28	211
ZNF292	533
ZNF295	501
ZNF296	33
ZNF2	130
ZNF300	56
ZNF302	767
ZNF304	225
ZNF30	141
ZNF311	14
ZNF317	760
ZNF318	1102
ZNF319	386
ZNF320	202
ZNF321	23
ZNF322A	738
ZNF322B	31
ZNF323	281
ZNF324B	140
ZNF324	202
ZNF326	451
ZNF329	383
ZNF32	867
ZNF330	816
ZNF331	505
ZNF333	154
ZNF334	23
ZNF335	819
ZNF337	425.42
ZNF33A	1252
ZNF33B	732
ZNF341	213
ZNF343	324
ZNF345	66
ZNF346	327
ZNF347	29
ZNF34	212
ZNF350	196
ZNF354A	198
ZNF354B	98
ZNF354C	5
ZNF358	2195
ZNF35	104
ZNF362	706
ZNF365	2
ZNF366	15
ZNF367	292
ZNF37A	403
ZNF37B	187
ZNF382	26
ZNF383	96
ZNF384	1165
ZNF385A	409
ZNF385B	210
ZNF385D	4
ZNF389	7
ZNF391	4
ZNF394	651
ZNF395	1193
ZNF396	33
ZNF397OS	255
ZNF397	232
ZNF398	477
ZNF3	1061.82
ZNF404	39
ZNF407	380
ZNF408	717
ZNF410	978.89
ZNF414	366
ZNF415	18
ZNF416	112
ZNF417	118
ZNF418	45
ZNF419	193
ZNF41	194
ZNF420	118
ZNF423	49
ZNF425	64
ZNF426	38
ZNF428	1100.79
ZNF429	106
ZNF430	26
ZNF431	57
ZNF432	69
ZNF433	98
ZNF434	420
ZNF436	302.44
ZNF438	255
ZNF439	24
ZNF43	81
ZNF440	155
ZNF441	161
ZNF442	49
ZNF443	95
ZNF444	2074
ZNF445	602
ZNF446	291.87
ZNF449	128.21
ZNF44	323
ZNF451	844
ZNF454	4
ZNF45	239
ZNF460	32
ZNF461	83
ZNF462	22
ZNF467	298
ZNF468	260
ZNF469	41
ZNF470	142
ZNF471	30
ZNF473	325
ZNF474	2
ZNF479	0
ZNF480	440
ZNF483	5
ZNF484	58
ZNF485	63
ZNF486	6
ZNF487	25
ZNF488	2
ZNF48	268
ZNF490	223
ZNF491	40
ZNF492	1
ZNF493	112
ZNF496	203
ZNF497	93.98
ZNF498	403
ZNF500	258
ZNF501	37
ZNF502	49
ZNF503	466
ZNF506	194
ZNF507	670
ZNF510	216
ZNF511	865.53
ZNF512B	1650.3
ZNF512	666
ZNF513	900
ZNF514	150
ZNF516	369
ZNF517	498
ZNF518A	573
ZNF518B	90
ZNF519	21
ZNF521	56
ZNF524	700
ZNF525	99
ZNF526	408
ZNF527	129
ZNF528	79
ZNF529	296
ZNF530	63
ZNF532	349
ZNF534	9
ZNF536	0
ZNF540	42
ZNF541	16
ZNF542	457
ZNF543	98
ZNF544	663.88
ZNF546	96
ZNF547	42.47
ZNF548	274
ZNF549	57
ZNF550	168
ZNF551	59
ZNF552	208
ZNF554	177
ZNF555	93
ZNF556	0
ZNF557	188
ZNF558	365
ZNF559	231
ZNF560	0
ZNF561	651
ZNF562	390
ZNF563	339
ZNF564	382
ZNF565	85
ZNF566	189
ZNF567	108
ZNF568	76.95
ZNF569	148
ZNF570	40
ZNF571	71
ZNF572	75
ZNF573	17
ZNF574	656
ZNF575	68
ZNF576	461
ZNF577	97
ZNF578	11
ZNF579	342
ZNF57	121
ZNF580	333
ZNF581	480
ZNF582	49
ZNF583	88
ZNF584	261
ZNF585A	118
ZNF585B	51
ZNF586	105
ZNF587	410.29
ZNF589	186
ZNF592	1616
ZNF593	1023
ZNF594	51
ZNF595	207
ZNF596	48
ZNF597	36
ZNF598	1454
ZNF599	85
ZNF600	179
ZNF605	450
ZNF606	255.71
ZNF607	96
ZNF608	209
ZNF609	1067
ZNF610	11
ZNF611	81
ZNF613	105
ZNF614	131
ZNF615	154
ZNF616	165
ZNF618	527
ZNF619	53
ZNF620	56
ZNF621	555
ZNF622	1393
ZNF623	376
ZNF624	61
ZNF625	11
ZNF626	82
ZNF627	322
ZNF628	282
ZNF629	670
ZNF630	15
ZNF638	2825
ZNF639	738
ZNF641	101
ZNF642	106
ZNF643	30
ZNF644	951
ZNF645	0
ZNF646	480
ZNF648	20
ZNF649	104
ZNF652	1515
ZNF653	200
ZNF654	327
ZNF655	1340
ZNF658	42
ZNF660	3
ZNF662	63
ZNF664	3550
ZNF665	5
ZNF667	10
ZNF668	354
ZNF669	100
ZNF670	91
ZNF671	117
ZNF672	1827
ZNF673	357
ZNF674	94
ZNF675	78
ZNF676	2
ZNF677	7
ZNF678	28
ZNF679	0
ZNF680	354
ZNF681	37
ZNF682	76
ZNF683	12
ZNF684	238
ZNF687	1607.41
ZNF688	341
ZNF689	188
ZNF691	364
ZNF692	737
ZNF695	2
ZNF696	458
ZNF697	318
ZNF699	9
ZNF69	139
ZNF700	365.86
ZNF701	42
ZNF702P	13
ZNF703	82
ZNF704	90
ZNF705A	0
ZNF705D	0
ZNF706	2698
ZNF707	315
ZNF708	89
ZNF709	39
ZNF70	64
ZNF710	248
ZNF711	24
ZNF713	26
ZNF714	35
ZNF716	0
ZNF717	34
ZNF718	58
ZNF71	157
ZNF720	262
ZNF721	492.83
ZNF727	1
ZNF732	3
ZNF735	0
ZNF737	64
ZNF738	67
ZNF740	916
ZNF746	693
ZNF747	492.72
ZNF749	64
ZNF74	311
ZNF750	2
ZNF75A	396
ZNF75D	396
ZNF761	303
ZNF763	53
ZNF764	326
ZNF765	170
ZNF766	433
ZNF767	180
ZNF768	1931.87
ZNF76	1165
ZNF770	1152.67
ZNF771	144
ZNF772	103
ZNF773	80
ZNF774	13
ZNF775	107
ZNF776	338
ZNF777	786
ZNF778	63
ZNF77	91
ZNF780A	405
ZNF780B	233
ZNF781	14
ZNF782	65
ZNF784	403
ZNF785	164.2
ZNF786	235
ZNF787	1963
ZNF788	34
ZNF789	110
ZNF790	175
ZNF791	158
ZNF792	138
ZNF793	28
ZNF799	215
ZNF79	141
ZNF7	677.21
ZNF800	406
ZNF804A	4
ZNF804B	0
ZNF805	388
ZNF808	132
ZNF80	2
ZNF813	36
ZNF814	317.18
ZNF815	41
ZNF816A	70.55
ZNF81	60
ZNF821	176
ZNF823	168
ZNF826	14
ZNF827	8
ZNF828	630
ZNF829	5
ZNF830	427
ZNF831	16
ZNF833	26
ZNF835	5
ZNF836	78
ZNF837	110
ZNF839	374
ZNF83	318
ZNF841	198
ZNF843	7
ZNF844	137
ZNF845	134
ZNF846	121
ZNF84	549
ZNF853	40
ZNF85	35
ZNF860	2
ZNF862	404
ZNF876P	11
ZNF878	3
ZNF879	29
ZNF880	26
ZNF883	10
ZNF8	73.78
ZNF90	148
ZNF91	380
ZNF92	178
ZNF93	21
ZNF98	1
ZNF99	0
ZNFX1	1603
ZNHIT1	5264
ZNHIT2	496
ZNHIT3	920.59
ZNHIT6	296
ZNRD1	728.88
ZNRF1	954
ZNRF2	1246
ZNRF3	759
ZNRF4	0
ZP1	0
ZP2	0
ZP3	104.95
ZP4	0
ZPBP2	0
ZPBP	0
ZPLD1	1
ZRANB1	1704
ZRANB2	1383.81
ZRANB3	86
ZRSR2	245
ZSCAN10	0
ZSCAN12P1	28.81
ZSCAN12	127
ZSCAN16	142
ZSCAN18	632
ZSCAN1	1
ZSCAN20	31
ZSCAN21	478
ZSCAN22	183
ZSCAN23	1
ZSCAN29	545
ZSCAN2	474
ZSCAN4	0
ZSCAN5A	78
ZSCAN5B	2
ZSWIM1	287
ZSWIM2	0
ZSWIM3	150
ZSWIM4	202
ZSWIM5	210
ZSWIM6	263
ZSWIM7	432.26
ZUFSP	176
ZW10	632
ZWILCH	315.36
ZWINT	546
ZXDA	45
ZXDB	797
ZXDC	1529
ZYG11A	44
ZYG11B	1322
ZYX	5301
ZZEF1	1044
ZZZ3	851
psiTPTE22	5
tAKR	94
